"seqno","market","sales","profit","sector","emp","avgsal","avgtenure","kospi","kosdaq"
1,"kosdaq",8.592,2.385,"Service",14,133.625,6.02,0,1
2,"kospi",67.797,590.449,"Finance",155,110.116,2.07,1,0
3,"kospi",8.718,9.011,"Service",9,104.667,2.08,1,0
4,"kospi",27.783,-181.13,"Finance",109,104.321,3.02,1,0
5,"kospi",12332.719,1242.767,"ElecGas",4074,98.815,12.02,1,0
6,"kospi",6.018,646.235,"Finance",157,94.529,2.02,1,0
7,"kospi",43162.401,5273.448,"TranspEquip",59831,94.332,17.05,1,0
8,"kospi",11.757,396.898,"Finance",136,93.721,3.1,1,0
9,"kospi",199.238,18.552,"Finance",888,93.046,5.02,1,0
10,"kospi",757.064,28.892,"Service",868,92.353,13.05,1,0
11,"kospi",160.598,26.283,"Finance",518,92.155,2.06,1,0
12,"kospi",0.585,27.025,"Finance",34,90.869,1.06,1,0
13,"kospi",28007.913,2136.797,"TranspEquip",32756,90.792,17.08,1,0
14,"kospi",5945.49,337.481,"Distn",670,90.513,6.05,1,0
15,"kospi",277.539,62.492,"Finance",834,89.748,6.01,1,0
16,"kospi",2172.795,148.016,"Machinary",1868,88.845,15.02,1,0
17,"kospi",5645.485,135.534,"Finance",278,88.259,7.02,1,0
18,"kosdaq",132.677,11.831,"Service",425,88.009,5.08,0,1
19,"kospi",733.204,376.301,"Service",196,86.332,10.01,1,0
20,"kospi",488.115,-2.13,"Finance",2559,86.315,11.01,1,0
21,"kospi",10183.658,333.381,"Finance",3047,85.876,12.07,1,0
22,"kospi",16698.416,760.484,"Finance",5808,85.472,9.06,1,0
23,"kosdaq",8.459,2.292,"Finance",24,85.208,5.05,0,1
24,"kospi",16865.694,2251.252,"TranspEquip",7085,85,12.09,1,0
25,"kosdaq",1.144,-2.794,"Finance",10,84.9,2.05,0,1
26,"kosdaq",529.749,23.177,"NonMetal",628,84.806,9.06,0,1
27,"kospi",6734.356,71.66,"Distn",260,84.677,11.04,1,0
28,"kospi",706.733,52.155,"Chem",223,84.583,13,1,0
29,"kospi",1885.154,59.643,"ElecGas",578,84.071,16.04,1,0
30,"kospi",17.01,7.345,"Service",24,83.75,2.1,1,0
31,"kospi",645.404,76.859,"Finance",3137,83.674,9.09,1,0
32,"kospi",6.881,53.244,"Finance",44,83.523,1.02,1,0
33,"kospi",58.724,12.201,"Service",43,82.337,8.06,1,0
34,"kospi",8862.78,164.426,"Finance",2981,82.215,11.03,1,0
35,"kospi",4872.725,96.116,"Chem",1358,81.822,11.09,1,0
36,"kospi",3067.679,78.435,"TranspEquip",3877,81.789,18,1,0
37,"kospi",8867.692,518.977,"Service",7249,81.731,4.08,1,0
38,"kospi",1430.857,81.304,"Chem",1099,81.562,10.06,1,0
39,"kospi",782.319,125.433,"Finance",3416,80.828,6.07,1,0
40,"kospi",667.372,99.121,"Finance",3102,80.827,9.02,1,0
41,"kosdaq",116.12,46.332,"Finance",147,80.123,10.01,0,1
42,"kospi",32.479,17.518,"Service",41,79.916,5.05,1,0
43,"kosdaq",197.153,-35.333,"Service",796,79.828,3.1,0,1
44,"kospi",14128.666,791.448,"Steel",8957,79.455,10.06,1,0
45,"kospi",49.955,4.918,"Finance",273,79.159,9.03,1,0
46,"kospi",853.638,57.75,"Service",1262,79,5.06,1,0
47,"kospi",14.245,4.388,"Service",64,78.609,7.09,1,0
48,"kospi",35664.933,2499.523,"Steel",17623,78.576,18,1,0
49,"kospi",1760.998,80.997,"Chem",1624,78.478,14,1,0
50,"kospi",5090.631,84.475,"Distn",286,78.259,12.03,1,0
51,"kospi",785.586,134.31,"Service",2223,78.101,15.07,1,0
52,"kospi",34516.666,505.724,"ElecGas",2999,78.044,14.07,1,0
53,"kospi",70.308,-60.619,"Finance",815,78,6.11,1,0
54,"kospi",1377.619,54.367,"Machinary",1166,77.255,8,1,0
55,"kospi",12565.402,137.026,"TranspEquip",12781,77.194,16.09,1,0
56,"kospi",9991.849,467.219,"Finance",4601,77.179,14.05,1,0
57,"kospi",1534.545,73.944,"TranspEquip",2970,76.835,17.05,1,0
58,"kosdaq",98.187,16.901,"ElecElectron",66,76.788,3.01,0,1
59,"kospi",15.364,131.186,"Finance",38,76.769,2.05,1,0
60,"kospi",9041.85,488.973,"Constr",5420,76.666,8.08,1,0
61,"kospi",3140.669,123.236,"TranspEquip",4192,76.662,14.04,1,0
62,"kospi",14423.916,741.218,"TranspEquip",13504,76.506,12.01,1,0
63,"kospi",1511.391,536.116,"Service",2495,76.345,4.06,1,0
64,"kospi",1248.567,22.803,"ElecGas",327,76.183,15,1,0
65,"kospi",1188.209,37.269,"ElecGas",293,76.15,13.04,1,0
66,"kosdaq",36.265,4.382,"Service",137,76.137,14.1,0,1
67,"kospi",25055.014,1105.092,"TranspEquip",26255,75.456,17.09,1,0
68,"kospi",551.27,56.145,"Service",290,75.387,9.02,1,0
69,"kospi",49334.873,-3226.597,"ElecGas",19568,74.726,18.04,1,0
70,"kospi",2403.815,56.918,"ElecGas",284,74.685,13.11,1,0
71,"kospi",241.94,-56.89,"Finance",1687,74.549,7.07,1,0
72,"kospi",22052.096,935.402,"Finance",6815,74.274,10.09,1,0
73,"kospi",199.242,30.836,"Finance",1001,73.272,3.09,1,0
74,"kospi",15.676,80.435,"Finance",59,73.254,0.9,1,0
75,"kospi",37.521,39.363,"Service",55,72.855,8.08,1,0
76,"kospi",34723.291,580.015,"Chem",2671,72.755,14.09,1,0
77,"kospi",262.573,62.666,"Finance",970,72.713,5.02,1,0
78,"kosdaq",19.093,23.061,"Service",25,72.6,5.04,0,1
79,"kospi",2349.805,953.729,"Service",1881,72.577,9.06,1,0
80,"kospi",4907.778,2547.19,"ElecElectron",7486,72.552,9.08,1,0
81,"kosdaq",8.362,0.303,"Service",14,71.786,4.07,0,1
82,"kosdaq",5.668,-0.999,"Finance",18,71.389,3.02,0,1
83,"kospi",167.304,50.521,"Finance",650,71.263,7.05,1,0
84,"kospi",17241.095,416.125,"Distn",7860,71.237,8.08,1,0
85,"kospi",1528.628,127.084,"Service",4013,71.029,6.03,1,0
86,"kospi",475.302,68.749,"Service",2288,70.86,3.08,1,0
87,"kospi",7713.825,-998.938,"Warehouse",1621,70.681,9.09,1,0
88,"kospi",349.45,18.623,"TranspEquip",271,70.487,10.05,1,0
89,"kospi",461.709,15.332,"TranspEquip",835,70.441,16.04,1,0
90,"kospi",4243.619,-121.316,"Machinary",5467,70.373,12.05,1,0
91,"kospi",595.613,-250.372,"Warehouse",308,70.286,6.09,1,0
92,"kosdaq",5.858,0.444,"Finance",14,70.263,3.01,0,1
93,"kosdaq",57.122,25.972,"Service",150,70.26,15.07,0,1
94,"kospi",4003.285,111.289,"TranspEquip",3671,70.258,15.01,1,0
95,"kospi",7856.769,-205.979,"Machinary",7308,70,12.05,1,0
96,"kospi",2794.855,102.865,"ElecElectron",5023,70,13.04,1,0
97,"kospi",737.526,27.119,"TranspEquip",1055,69.925,19.02,1,0
98,"kospi",646.636,0.228,"TranspEquip",533,69.822,20.05,1,0
99,"kospi",141206.377,17398.53,"ElecElectron",90700,69.7,9,1,0
100,"kospi",657.143,36.954,"Chem",257,69.132,15.05,1,0
101,"kospi",217.154,11.7,"Chem",78,69,10.08,1,0
102,"kospi",1848.372,34.15,"Chem",360,68.969,13.05,1,0
103,"kospi",6253.825,363.794,"TranspEquip",2503,68.917,13,1,0
104,"kospi",2194.081,119.182,"Steel",1531,68.841,15,1,0
105,"kospi",2075.256,-15.042,"Chem",737,68.753,18.07,1,0
106,"kospi",176.526,-11.318,"Finance",946,68.581,10.09,1,0
107,"kospi",25.78,14.311,"Service",77,68.578,7,1,0
108,"kospi",3559.004,120.612,"Chem",2521,68.346,12.04,1,0
109,"kospi",278.463,31.169,"Chem",122,68.071,13.09,1,0
110,"kospi",7074.626,230.444,"Steel",1545,68.003,8.07,1,0
111,"kospi",8180.27,159.399,"Constr",5192,67.968,8.07,1,0
112,"kospi",109.953,12.093,"TranspEquip",357,67.968,16,1,0
113,"kospi",906.317,4.093,"TranspEquip",714,67.77,15.07,1,0
114,"kospi",10433.442,347.019,"Constr",7335,67.767,9.09,1,0
115,"kospi",1006.609,117.888,"Constr",5131,67.701,15.04,1,0
116,"kospi",2637.612,768.438,"Food",4313,67.263,15.1,1,0
117,"kospi",2600,153.056,"ElecGas",1335,67.157,12.02,1,0
118,"kosdaq",54.192,2.428,"Pharm",65,67.092,14.05,0,1
119,"kosdaq",100.053,7.802,"Machinary",57,67,4.05,0,1
120,"kospi",39.331,3277.158,"Service",152,67,6.05,1,0
121,"kospi",4762.746,130.71,"Finance",2507,66.912,8.07,1,0
122,"kospi",410.609,24.673,"Chem",74,66.81,15,1,0
123,"kospi",987.04,18.485,"Steel",688,66.533,20.04,1,0
124,"kosdaq",16.301,-5.397,"ElecElectron",88,66.472,3.06,0,1
125,"kosdaq",527.046,3.122,"TranspEquip",613,66.261,16.04,0,1
126,"kospi",424.322,13.588,"TranspEquip",636,66.221,13.06,1,0
127,"kosdaq",123.896,4.936,"Service",641,66.168,12.03,0,1
128,"kospi",348.828,17.172,"Finance",2298,66,9.09,1,0
129,"kosdaq",93.256,2.359,"ElecElectron",60,66,5.06,0,1
130,"kosdaq",117.722,3.833,"ElecGas",57,65.94,8.08,0,1
131,"kospi",793.344,42.796,"TranspEquip",920,65.555,14.01,1,0
132,"kosdaq",126.501,3.348,"ElecElectron",143,65.537,3.05,0,1
133,"kospi",664.648,34.553,"Pharm",1309,65.484,6.03,1,0
134,"kospi",13.727,10.147,"Service",11,65.456,9.03,1,0
135,"kosdaq",168.287,51.07,"ElecElectron",111,65.38,3.03,0,1
136,"kospi",9006.378,1120.552,"Finance",11356,65.186,15.1,1,0
137,"kospi",5638.069,50.612,"Warehouse",9595,65.075,9.05,1,0
138,"kospi",180.207,-17.649,"Chem",347,65.065,8.04,1,0
139,"kospi",9095.887,343.036,"Chem",2431,65.031,13.04,1,0
140,"kospi",406.967,24.978,"Finance",2624,65,7.01,1,0
141,"kospi",956.646,-19.241,"Chem",345,64.897,21.02,1,0
142,"kospi",616.563,408.12,"Service",96,64.661,3,1,0
143,"kospi",760.489,103.969,"Distn",388,64.631,7.08,1,0
144,"kospi",10174.597,-700.807,"Warehouse",1875,64.613,9.02,1,0
145,"kospi",694.171,-2.642,"Constr",400,64.588,14.02,1,0
146,"kospi",4.789,-2.767,"Service",14,64.571,3.06,1,0
147,"kospi",529.509,-91.744,"Constr",577,64.244,15.07,1,0
148,"kospi",783.367,24.215,"ElecGas",244,64.055,12.07,1,0
149,"kospi",168.342,96.616,"Service",27,64,4.03,1,0
150,"kospi",10904.831,-62.584,"ElecGas",6486,64,6.06,1,0
151,"kospi",25427.205,-354.76,"ElecElectron",36376,64,8.03,1,0
152,"kosdaq",20.88,-2.24,"Distn",54,63.762,5.06,0,1
153,"kosdaq",74.031,0.703,"ElecElectron",260,63.722,5.05,0,1
154,"kospi",2229.066,-614.847,"Constr",1829,63.702,9.04,1,0
155,"kospi",60.607,5.225,"Service",40,63.619,3.02,1,0
156,"kospi",5469.2,498.073,"ElecElectron",11940,63.55,9.01,1,0
157,"kospi",37.398,0.224,"Service",40,63.375,3,1,0
158,"kosdaq",71.227,12.846,"ElecElectron",79,63.12,6.03,0,1
159,"kospi",853.499,-47.444,"Steel",357,63,12.05,1,0
160,"kospi",572.103,23.19,"Warehouse",790,62.987,14.04,1,0
161,"kospi",1674.527,127.731,"Food",3446,62.889,12,1,0
162,"kospi",745.924,11.226,"Steel",460,62.68,19.03,1,0
163,"kospi",722.342,9.581,"ElecGas",190,62.621,13.02,1,0
164,"kosdaq",76.764,8.655,"ElecElectron",217,62.516,2.05,0,1
165,"kospi",3010.341,749.875,"Finance",3202,62.463,9.01,1,0
166,"kosdaq",1292.356,78.554,"NonMetal",1358,62.434,14,0,1
167,"kospi",479.315,138.445,"Finance",1848,62.254,5.08,1,0
168,"kospi",20442.79,1440.317,"Chem",11683,62.185,10.07,1,0
169,"kosdaq",29.039,-15.752,"ElecElectron",123,62.174,4.06,0,1
170,"kospi",107.952,100.053,"Service",48,62,3.09,1,0
171,"kospi",18863.237,719.352,"ElecGas",32186,62,19.06,1,0
172,"kospi",9272.885,406.094,"Warehouse",734,61.994,4,1,0
173,"kosdaq",2486.317,26.412,"Service",1440,61.928,9.09,0,1
174,"kosdaq",100.491,5.523,"ElecElectron",65,61.794,3.1,0,1
175,"kosdaq",183.473,9.411,"Service",180,61.784,6.05,0,1
176,"kospi",2073.996,43.109,"Chem",2759,61.78,15.03,1,0
177,"kospi",915.62,-41.415,"Machinary",1308,61.669,13,1,0
178,"kospi",1312.355,21.925,"Food",829,61.631,17.03,1,0
179,"kospi",839.335,-71.851,"NonMetal",634,61.514,14.1,1,0
180,"kospi",291.558,-9.053,"Chem",102,61.496,18.07,1,0
181,"kospi",5741.248,240.941,"Chem",5100,61.46,7.08,1,0
182,"kospi",1468.835,-24.915,"Chem",398,61.443,16.05,1,0
183,"kospi",2207.251,9.759,"Constr",1724,61.395,9.08,1,0
184,"kosdaq",588.447,3.779,"Service",900,61.303,2.07,0,1
185,"kosdaq",47.133,4.671,"ElecElectron",103,61.249,4.01,0,1
186,"kospi",282.716,-8.719,"Service",1994,61.228,6,1,0
187,"kospi",263.863,22.538,"PaperWood",172,61.171,19.06,1,0
188,"kospi",54.869,196.097,"Service",9,61.111,11.04,1,0
189,"kosdaq",461.761,53.271,"ElecElectron",524,61.04,11.01,0,1
190,"kosdaq",54.579,3.462,"ElecElectron",124,61,5,0,1
191,"kospi",846.33,97.869,"ElecElectron",818,60.975,14.07,1,0
192,"kosdaq",472.259,41.865,"ElecElectron",394,60.919,2.07,0,1
193,"kosdaq",401.799,58.294,"Service",1235,60.887,8.09,0,1
194,"kosdaq",185.016,23.839,"PaperWood",179,60.688,2.09,0,1
195,"kosdaq",695.595,8.833,"Constr",738,60.656,4.01,0,1
196,"kospi",1841.081,80.923,"Service",3363,60.57,8.02,1,0
197,"kosdaq",480.892,68.34,"Machinary",734,60.376,7.05,0,1
198,"kospi",418.332,-373.661,"Constr",296,60.255,13.11,1,0
199,"kospi",298.399,11.542,"TranspEquip",706,60.173,17.01,1,0
200,"kospi",12263.867,259.597,"Warehouse",18374,60.132,13.08,1,0
201,"kospi",104.376,69.12,"Service",56,60,7.06,1,0
202,"kospi",1292.896,296.504,"Service",3184,59.976,8.03,1,0
203,"kosdaq",1604.918,-411.455,"Constr",1266,59.969,11.02,0,1
204,"kospi",506.152,-35.198,"Constr",321,59.909,13,1,0
205,"kospi",2341.407,85.192,"Steel",3426,59.684,19.02,1,0
206,"kospi",3399.29,-631.62,"TranspEquip",2996,59.565,7.05,1,0
207,"kospi",168.865,27.272,"Finance",447,59.508,14.01,1,0
208,"kosdaq",70.35,1.591,"ElecElectron",169,59.272,3.07,0,1
209,"kospi",4717.179,71.81,"Distn",361,59.271,6.02,1,0
210,"kospi",1283.896,48.723,"Chem",905,59.062,18.04,1,0
211,"kosdaq",86.57,9.057,"Finance",437,59,2.11,0,1
212,"kospi",4042.724,136.035,"Finance",869,58.986,8.07,1,0
213,"kosdaq",232.747,-5.425,"Service",236,58.852,9.04,0,1
214,"kospi",349.865,45.874,"Service",162,58.849,11.09,1,0
215,"kosdaq",878.26,9.359,"ElecElectron",701,58.782,2.08,0,1
216,"kospi",92.403,3.814,"NonMetal",270,58.767,12.04,1,0
217,"kospi",57.892,4.844,"MedPrec",167,58.74,6.08,1,0
218,"kospi",1873.505,-225.934,"Constr",1861,58.733,8.11,1,0
219,"kospi",4926.649,596.362,"Steel",1113,58.634,12.07,1,0
220,"kospi",40.715,-215.618,"Service",15,58.613,10.07,1,0
221,"kospi",379.636,23.462,"Food",370,58.541,14.07,1,0
222,"kospi",2863.806,-106.069,"TranspEquip",4365,58.525,16.01,1,0
223,"kospi",4103.326,130.707,"Chem",3610,58.442,8.05,1,0
224,"kosdaq",40.921,5.465,"Machinary",125,58.432,7.07,0,1
225,"kospi",296.778,-39.347,"NonMetal",388,58.258,20,1,0
226,"kospi",171.018,43.516,"PaperWood",273,58.189,17,1,0
227,"kospi",150.611,10.536,"Finance",1031,58.047,8,1,0
228,"kosdaq",100.791,14.836,"Machinary",202,57.955,3.05,0,1
229,"kospi",649.614,18.146,"Steel",298,57.933,10.08,1,0
230,"kosdaq",68.9,7.952,"Constr",64,57.844,21.02,0,1
231,"kospi",17011.373,306.041,"Distn",1991,57.777,8.05,1,0
232,"kospi",1.597,2.259,"Service",2,57.776,1.03,1,0
233,"kosdaq",96.123,4.322,"Machinary",237,57.72,8.02,0,1
234,"kospi",229.253,9.825,"Machinary",329,57.688,11.06,1,0
235,"kospi",473.786,2.458,"Machinary",807,57.618,17.02,1,0
236,"kospi",3352.643,40.211,"ElecGas",788,57.611,10.1,1,0
237,"kospi",10001.783,-489.99,"ElecElectron",20560,57.588,8.05,1,0
238,"kosdaq",503.206,24.791,"TranspEquip",472,57.413,15.03,0,1
239,"kosdaq",150.596,9.89,"PaperWood",208,57.341,13.07,0,1
240,"kosdaq",108.574,4.707,"Service",285,57.326,6.04,0,1
241,"kospi",1912.944,55.408,"Steel",879,57.216,15.04,1,0
242,"kospi",233.549,2.357,"PaperWood",211,57.161,14.06,1,0
243,"kospi",477.366,-30.068,"PaperWood",211,57.161,14.06,1,0
244,"kospi",109.966,12.778,"Warehouse",191,57.05,6.02,1,0
245,"kosdaq",19.285,3.025,"Service",103,57,5.02,0,1
246,"kospi",464.532,34.041,"ElecElectron",650,56.968,8.02,1,0
247,"kosdaq",1017.662,40.089,"Service",2541,56.878,10.01,0,1
248,"kosdaq",150.576,5.35,"ElecElectron",158,56.878,6.06,0,1
249,"kospi",1056.682,2.581,"Constr",956,56.834,8.04,1,0
250,"kospi",65.506,-1.318,"Pharm",354,56.675,6.1,1,0
251,"kospi",229.63,58.181,"Finance",512,56.638,3.08,1,0
252,"kospi",422.085,25.334,"Food",341,56.622,12.06,1,0
253,"kospi",440.568,4.206,"Steel",319,56.592,16.09,1,0
254,"kospi",4010.494,23.071,"Finance",2812,56.305,12,1,0
255,"kospi",99.979,16.077,"Service",364,56.244,18.01,1,0
256,"kospi",62.268,6.119,"Service",206,56.234,4.05,1,0
257,"kospi",9284.878,192.424,"Chem",7932,56.197,10.09,1,0
258,"kospi",8530.989,119.134,"Constr",6647,56.179,6.08,1,0
259,"kospi",142.976,-199.532,"ElecElectron",384,56.016,2.07,1,0
260,"kospi",1651.123,100.886,"ElecElectron",3338,55.972,13,1,0
261,"kospi",403.985,1.161,"Chem",232,55.965,7.04,1,0
262,"kospi",1026.101,222.748,"Distn",1586,55.91,7,1,0
263,"kospi",393.48,-293.333,"Constr",379,55.864,9.05,1,0
264,"kosdaq",26.662,0.628,"Machinary",78,55.744,6.04,0,1
265,"kospi",2409.028,52.48,"Chem",2793,55.679,10.03,1,0
266,"kospi",1033.404,2.699,"Chem",1102,55.679,12.08,1,0
267,"kospi",4969.375,-225.167,"Steel",1850,55.672,12.05,1,0
268,"kosdaq",8.542,0.683,"Service",34,55.671,5,0,1
269,"kospi",22.851,-2.933,"Finance",187,55.669,5.03,1,0
270,"kospi",581.404,31.597,"TranspEquip",1097,55.643,21.06,1,0
271,"kospi",600.967,27.524,"Chem",467,55.606,12.02,1,0
272,"kospi",1134.528,-23.164,"Constr",984,55.598,7.08,1,0
273,"kospi",545.15,1.141,"Service",1055,55.581,5.07,1,0
274,"kospi",647.612,3.465,"Steel",422,55.517,7.06,1,0
275,"kosdaq",421.461,97.38,"Distn",257,55.464,10.06,0,1
276,"kospi",25511.199,-85.792,"Distn",3912,55.414,7.06,1,0
277,"kospi",636.147,-429.562,"Constr",397,55.305,15.07,1,0
278,"kosdaq",76.836,-114.593,"ElecElectron",497,55.3,4.07,0,1
279,"kospi",258.489,-74.306,"NonMetal",420,55.229,20,1,0
280,"kosdaq",54.907,3.426,"ElecElectron",105,55.162,3.04,0,1
281,"kosdaq",60.325,0.225,"Steel",118,55.148,15.07,0,1
282,"kosdaq",150.288,-5.8,"Service",1258,55.134,11.09,0,1
283,"kosdaq",49.043,1.506,"ElecElectron",66,55.091,3.05,0,1
284,"kosdaq",96.502,-1.865,"ElecElectron",98,55.08,5.06,0,1
285,"kospi",110.931,2.426,"Others",214,55.005,4.09,1,0
286,"kospi",1006.608,92.163,"Service",5152,55,8.03,1,0
287,"kosdaq",8.455,-1.238,"Distn",12,55,4.09,0,1
288,"kospi",1780.032,-45.954,"Steel",940,54.961,14,1,0
289,"kospi",180.764,1.32,"Service",1185,54.906,8.02,1,0
290,"kospi",44.303,21.783,"Service",264,54.883,4.08,1,0
291,"kospi",504.649,9.527,"Chem",411,54.873,13,1,0
292,"kospi",750.97,47.851,"ElecElectron",664,54.837,9.05,1,0
293,"kospi",762.793,69.573,"Pharm",1538,54.831,9.1,1,0
294,"kospi",113.76,7.101,"Pharm",265,54.641,12.05,1,0
295,"kospi",4116.767,-23.863,"Distn",375,54.565,2.08,1,0
296,"kosdaq",41.816,-4.834,"ElecElectron",43,54.54,5.06,0,1
297,"kospi",7.938,5.848,"Service",11,54.518,4.04,1,0
298,"kosdaq",347.647,52.828,"Steel",355,54.502,13,0,1
299,"kospi",346.03,18.058,"Pharm",1341,54.495,7.08,1,0
300,"kospi",347.706,13.811,"Service",469,54.449,15.03,1,0
301,"kosdaq",611.755,-69.547,"NonMetal",849,54.36,16.03,0,1
302,"kospi",53.39,7.215,"Service",252,54.358,6.04,1,0
303,"kospi",916.574,13.216,"Constr",703,54.339,9.02,1,0
304,"kospi",1333.799,13.148,"NonMetal",1015,54.309,17.04,1,0
305,"kosdaq",145.373,1.03,"Service",948,54.253,4.1,0,1
306,"kospi",11.631,8.087,"Service",26,54.231,10.08,1,0
307,"kosdaq",3.513,-7.167,"ElecElectron",13,54.231,4.07,0,1
308,"kospi",737.389,57.273,"ElecElectron",844,54.132,12.01,1,0
309,"kospi",332.12,16.384,"Machinary",231,53.949,11.08,1,0
310,"kospi",1980.761,13.082,"TranspEquip",2634,53.856,14.03,1,0
311,"kospi",314.646,5.768,"Pharm",750,53.834,7.07,1,0
312,"kosdaq",72.602,5.488,"ElecElectron",37,53.817,3.07,0,1
313,"kosdaq",852.764,-28.503,"Chem",836,53.816,15.05,0,1
314,"kospi",244.893,8.713,"NonMetal",284,53.792,12,1,0
315,"kosdaq",6.258,1.505,"Finance",18,53.756,3.04,0,1
316,"kospi",466.812,-85.699,"Constr",346,53.621,7.01,1,0
317,"kospi",388.476,4.037,"Chem",648,53.612,10.06,1,0
318,"kospi",636.554,11.19,"PaperWood",499,53.597,14.06,1,0
319,"kospi",599.827,1.307,"Constr",426,53.554,7.01,1,0
320,"kospi",3342.328,126.81,"Chem",4979,53.541,16.02,1,0
321,"kosdaq",16.623,0.437,"Service",65,53.508,4,0,1
322,"kospi",93.145,7.604,"Machinary",189,53.476,13.07,1,0
323,"kosdaq",1010.563,66.697,"TranspEquip",1226,53.4,7.04,0,1
324,"kospi",1482.494,51.336,"PaperWood",890,53.372,15.02,1,0
325,"kosdaq",59.317,-7.782,"ElecElectron",120,53.325,5.08,0,1
326,"kosdaq",51.911,15.364,"Service",73,53.262,3,0,1
327,"kospi",185.702,10.638,"Pharm",564,53.218,10.02,1,0
328,"kosdaq",115.116,-2.884,"Machinary",194,53.119,20.05,0,1
329,"kosdaq",64.401,-3.587,"ElecElectron",108,53.08,4.03,0,1
330,"kospi",1523.027,7.378,"Constr",1593,53,6.08,1,0
331,"kospi",521.28,1.583,"NonMetal",623,53,14.09,1,0
332,"kospi",397.623,8.124,"Pharm",1441,53,7.08,1,0
333,"kosdaq",262.541,5.254,"Steel",161,52.907,4,0,1
334,"kosdaq",53.109,3.193,"ElecElectron",129,52.899,4.06,0,1
335,"kospi",76.753,7.387,"Finance",208,52.705,10,1,0
336,"kospi",30.843,37.284,"Service",108,52.676,7.07,1,0
337,"kosdaq",276.342,72.099,"Service",563,52.648,2.03,0,1
338,"kospi",7.758,-5.658,"Service",8,52.625,3.05,1,0
339,"kospi",601.426,-1327.958,"Service",77,52.61,7.09,1,0
340,"kosdaq",1077.33,122.631,"Service",851,52.596,6.01,0,1
341,"kospi",235.099,9.649,"TranspEquip",637,52.544,13,1,0
342,"kospi",485.103,2.081,"Warehouse",931,52.448,12.09,1,0
343,"kospi",1476.191,39.325,"Chem",1864,52.43,10.11,1,0
344,"kosdaq",58.625,-2.553,"ElecElectron",154,52.416,3.07,0,1
345,"kosdaq",28.715,-2.169,"Service",118,52.398,2.09,0,1
346,"kospi",2873.047,406.592,"Chem",4766,52.323,10.06,1,0
347,"kosdaq",37.137,0.459,"Service",100,52.212,4.07,0,1
348,"kosdaq",210.429,10.911,"Chem",185,52.1,10.01,0,1
349,"kospi",2510.394,275.5,"Chem",4724,52.07,8.03,1,0
350,"kospi",4.812,2.89,"Service",15,52.067,8,1,0
351,"kospi",195.34,-36.41,"Finance",72,52,9.01,1,0
352,"kospi",134.014,9.555,"Pharm",523,52,6,1,0
353,"kosdaq",104.069,1.039,"Constr",129,51.957,7,0,1
354,"kospi",438.641,28.895,"Steel",243,51.943,12.01,1,0
355,"kosdaq",201.871,6.659,"Chem",140,51.93,11.09,0,1
356,"kospi",1639.161,37.509,"Constr",1436,51.883,7.04,1,0
357,"kospi",425.058,38.795,"Chem",247,51.863,4.01,1,0
358,"kospi",331.815,26.678,"Pharm",749,51.849,8,1,0
359,"kospi",461.246,25.709,"Pharm",1499,51.763,6.09,1,0
360,"kospi",191.908,1.08,"Chem",112,51.705,11.09,1,0
361,"kosdaq",35.455,6.842,"ElecElectron",152,51.664,8,0,1
362,"kosdaq",356.88,33.192,"Steel",439,51.613,8.08,0,1
363,"kosdaq",121.969,11.76,"ElecElectron",225,51.603,6.02,0,1
364,"kosdaq",428.094,77.938,"Service",1402,51.59,4.02,0,1
365,"kospi",1499.639,-420.974,"Constr",1353,51.536,8.03,1,0
366,"kospi",2144.64,207.796,"Chem",3682,51.277,9.01,1,0
367,"kospi",498.489,27.342,"NonMetal",561,51.242,19.05,1,0
368,"kospi",228.669,3.313,"Steel",198,51.201,17,1,0
369,"kospi",758.167,24.274,"TranspEquip",965,51.189,18.01,1,0
370,"kospi",333.187,11.921,"Chem",127,51.172,8,1,0
371,"kospi",596.44,28.091,"PaperWood",614,51.137,12.02,1,0
372,"kospi",611.771,27.614,"TranspEquip",762,51.133,11.09,1,0
373,"kosdaq",48.79,4.132,"Distn",31,51.129,4.03,0,1
374,"kosdaq",60.243,8.39,"TranspEquip",96,51.112,6.08,0,1
375,"kosdaq",31.824,8.087,"Service",61,51.095,11.03,0,1
376,"kosdaq",123.526,17.293,"Warehouse",351,50.991,9.06,0,1
377,"kosdaq",118.459,8.632,"Constr",265,50.963,3.07,0,1
378,"kosdaq",348.955,171.621,"Pharm",865,50.848,3.01,0,1
379,"kospi",979.742,12.795,"ElecGas",405,50.763,13.01,1,0
380,"kospi",230.708,9.088,"Machinary",195,50.747,7.08,1,0
381,"kosdaq",33.544,-6.357,"Service",282,50.741,3.09,0,1
382,"kospi",107.222,15.797,"Pharm",399,50.679,6.06,1,0
383,"kosdaq",51.425,0.614,"PaperWood",117,50.653,10.06,0,1
384,"kosdaq",56.432,-29.289,"Machinary",219,50.521,3.03,0,1
385,"kospi",233.362,3.016,"Chem",299,50.482,13.08,1,0
386,"kosdaq",18.628,-3.657,"ElecElectron",55,50.46,3.08,0,1
387,"kosdaq",59.381,10.192,"ElecElectron",237,50.439,4.05,0,1
388,"kosdaq",162.916,17.313,"ElecElectron",251,50.398,4.08,0,1
389,"kosdaq",352.156,6.604,"Steel",291,50.329,10.08,0,1
390,"kosdaq",32.223,3.064,"ElecElectron",73,50.247,3.08,0,1
391,"kospi",590.314,29.28,"Steel",569,50.243,11,1,0
392,"kospi",1075.534,51.427,"TextileCloth",703,50.168,3.06,1,0
393,"kospi",358.861,3.192,"Machinary",676,50.13,14,1,0
394,"kosdaq",4.359,4.733,"Service",15,50.068,3.05,0,1
395,"kosdaq",16.125,-6.503,"ElecElectron",82,50.061,4.03,0,1
396,"kospi",54.49,-9.741,"Service",118,50,5.01,1,0
397,"kospi",4671.189,179.833,"Food",6002,50,6.06,1,0
398,"kospi",120.094,3.512,"TranspEquip",193,49.991,9,1,0
399,"kosdaq",20.803,0.718,"Service",86,49.934,5.05,0,1
400,"kospi",230.797,8.355,"Machinary",502,49.932,11.06,1,0
401,"kosdaq",29.158,-6.622,"ElecElectron",56,49.893,7,0,1
402,"kosdaq",43.575,7.832,"Service",364,49.89,4.06,0,1
403,"kosdaq",43.419,2.152,"ElecElectron",114,49.718,4.01,0,1
404,"kosdaq",238.821,4.5,"ElecElectron",579,49.704,4.04,0,1
405,"kospi",298.089,14.118,"ElecElectron",789,49.7,11,1,0
406,"kosdaq",60.036,3.904,"Service",73,49.546,4.05,0,1
407,"kosdaq",100.244,6.793,"Distn",176,49.543,4.08,0,1
408,"kosdaq",50.378,-3.739,"Service",174,49.534,3,0,1
409,"kospi",76.027,-2.978,"Pharm",405,49.486,7.08,1,0
410,"kospi",337.114,7.056,"Food",345,49.44,10.01,1,0
411,"kosdaq",56.469,-5.71,"PaperWood",123,49.438,10.01,0,1
412,"kospi",319.255,-22.184,"Distn",860,49.434,4.1,1,0
413,"kosdaq",324.364,1.872,"Machinary",348,49.43,5.05,0,1
414,"kosdaq",92.92,-49.901,"Machinary",306,49.425,5.04,0,1
415,"kosdaq",83.599,14.821,"MedPrec",116,49.416,1.09,0,1
416,"kospi",259.167,12.145,"Machinary",325,49.398,11.02,1,0
417,"kosdaq",28.351,0.528,"ElecElectron",52,49.393,3.04,0,1
418,"kospi",41.575,24.712,"Service",74,49.365,7.02,1,0
419,"kospi",9.811,5.704,"Service",78,49.35,6.05,1,0
420,"kospi",88.69,-2.564,"TranspEquip",199,49.303,14.05,1,0
421,"kosdaq",13.909,0.213,"ElecElectron",57,49.281,2.05,0,1
422,"kosdaq",26.446,-13.61,"Service",99,49.279,4.06,0,1
423,"kosdaq",234.039,9.498,"TranspEquip",445,49.253,9.08,0,1
424,"kospi",199.424,6.994,"Distn",102,49.196,5,1,0
425,"kosdaq",28.494,5.755,"Service",190,49.188,2.08,0,1
426,"kospi",2685.282,15.545,"Distn",240,49.138,5.08,1,0
427,"kospi",437.96,68.346,"Food",561,49.114,7.07,1,0
428,"kosdaq",111.425,10.437,"Steel",275,49.083,3.01,0,1
429,"kosdaq",63.075,9.608,"MedPrec",175,49.08,4.07,0,1
430,"kosdaq",15.29,3.89,"Service",85,49.059,3.03,0,1
431,"kosdaq",1058.04,-1.955,"Service",2005,49.059,16,0,1
432,"kosdaq",89.607,8.735,"Service",330,49.055,3.03,0,1
433,"kospi",502.404,144.055,"Service",1630,49.052,5.09,1,0
434,"kosdaq",53.992,6.714,"Service",162,49,4,0,1
435,"kospi",2045.24,38.723,"Distn",430,49,4.06,1,0
436,"kospi",113.424,8.22,"PaperWood",106,49,13.02,1,0
437,"kospi",9627.512,412.994,"Finance",5164,48.955,6.04,1,0
438,"kosdaq",76.851,12.614,"PaperWood",73,48.916,12.09,0,1
439,"kosdaq",22.45,-20.123,"Machinary",213,48.901,4.07,0,1
440,"kosdaq",57.892,1.371,"Constr",80,48.9,4.09,0,1
441,"kospi",2963.38,73.639,"Finance",1226,48.898,5.08,1,0
442,"kospi",581.811,12.565,"ElecElectron",343,48.892,14.02,1,0
443,"kospi",1361.164,127.183,"Chem",3653,48.853,7.03,1,0
444,"kospi",46.845,4.728,"Machinary",111,48.811,11,1,0
445,"kospi",12.548,14.566,"Service",13,48.786,3,1,0
446,"kosdaq",44.651,2.084,"ElecElectron",112,48.778,6,0,1
447,"kospi",1075.021,-58.633,"Machinary",1320,48.768,10.09,1,0
448,"kosdaq",68.563,5.208,"Service",205,48.757,6.08,0,1
449,"kosdaq",353.091,8.396,"ElecElectron",220,48.755,4.04,0,1
450,"kospi",489.55,63.016,"TextileCloth",591,48.751,5.03,1,0
451,"kospi",263.587,2.209,"TranspEquip",723,48.7,13.02,1,0
452,"kosdaq",24.315,1.776,"Service",32,48.688,8.06,0,1
453,"kospi",223.855,22.517,"Machinary",271,48.605,9,1,0
454,"kosdaq",159.605,5.576,"Service",196,48.587,5.09,0,1
455,"kosdaq",1024.177,14.97,"Distn",100,48.49,6.07,0,1
456,"kospi",109.235,5.044,"Chem",275,48.466,11.1,1,0
457,"kosdaq",500.641,25.945,"Machinary",477,48.451,2.09,0,1
458,"kosdaq",5.583,-6.375,"Pharm",100,48.38,4.02,0,1
459,"kospi",620.726,43.901,"Machinary",1245,48.326,7.08,1,0
460,"kosdaq",193.909,5.552,"ElecElectron",185,48.211,4,0,1
461,"kospi",41.5,1.637,"ElecElectron",53,48.189,9.1,1,0
462,"kospi",1.987,1.054,"Service",2,48.169,1.08,1,0
463,"kospi",154.93,8.055,"Chem",261,48.169,10.03,1,0
464,"kospi",189.2,2.354,"PaperWood",165,48.145,11.05,1,0
465,"kosdaq",5.413,2.249,"Service",11,48.136,2.03,0,1
466,"kosdaq",435.315,4.259,"Constr",359,48.132,3.05,0,1
467,"kospi",548.668,-86.127,"ElecElectron",1001,48.131,7.05,1,0
468,"kosdaq",13.575,5.306,"Service",87,48.115,5.05,0,1
469,"kospi",411.274,12.669,"Chem",824,48.096,10.02,1,0
470,"kospi",128.143,8.034,"TranspEquip",341,48.066,5.01,1,0
471,"kospi",24.233,1.87,"Machinary",29,48.034,11.08,1,0
472,"kospi",3660.114,-27.195,"Constr",2724,48.023,5.09,1,0
473,"kosdaq",54.767,24.963,"ElecElectron",181,48.017,6.02,0,1
474,"kospi",137.194,24.148,"Finance",656,48,6,1,0
475,"kospi",4919.476,-456.645,"Warehouse",2618,48,7.03,1,0
476,"kospi",88.401,-3.856,"Pharm",375,48,5.02,1,0
477,"kospi",583.902,-32.122,"ElecElectron",2304,47.925,6.08,1,0
478,"kospi",788.339,46.834,"Distn",841,47.922,3.01,1,0
479,"kosdaq",45.389,2.973,"ElecElectron",67,47.886,3.06,0,1
480,"kosdaq",254.609,30.695,"ElecElectron",375,47.831,5.04,0,1
481,"kosdaq",88.397,5.987,"Chem",67,47.79,5.04,0,1
482,"kosdaq",75.222,24.862,"ElecElectron",306,47.753,5.07,0,1
483,"kosdaq",384.862,34.495,"Constr",120,47.733,8.08,0,1
484,"kospi",28672.355,28.549,"ElecElectron",34657,47.718,4.07,1,0
485,"kosdaq",36.073,4.827,"ElecElectron",162,47.667,5,0,1
486,"kospi",279.125,22.689,"TranspEquip",136,47.635,12.09,1,0
487,"kospi",277.032,8.641,"Constr",374,47.631,8,1,0
488,"kosdaq",50.804,3.705,"ElecElectron",76,47.609,2.09,0,1
489,"kospi",105.441,5.201,"Chem",239,47.529,9.04,1,0
490,"kosdaq",169.011,12.468,"Steel",161,47.497,9.04,0,1
491,"kosdaq",107.439,1.088,"Distn",110,47.473,4.02,0,1
492,"kosdaq",527.305,13.093,"ElecElectron",878,47.469,6.02,0,1
493,"kosdaq",79.22,9.128,"ElecElectron",63,47.462,4,0,1
494,"kospi",63.599,4.459,"Distn",72,47.458,14.09,1,0
495,"kospi",21.169,-2.359,"Service",59,47.441,4,1,0
496,"kosdaq",143.832,41.921,"ElecElectron",236,47.367,3.04,0,1
497,"kosdaq",46.753,7.219,"MedPrec",112,47.343,8.01,0,1
498,"kosdaq",106.183,7.182,"Machinary",223,47.216,7.07,0,1
499,"kospi",214.175,4.559,"Warehouse",464,47.211,13.11,1,0
500,"kosdaq",21.507,-4.108,"Machinary",83,47.21,5.07,0,1
501,"kospi",1322.819,25.036,"Food",582,47.172,13.08,1,0
502,"kospi",3212.151,71.378,"Distn",3149,47.164,7.1,1,0
503,"kospi",426.819,11.172,"Pharm",1003,47.163,5.09,1,0
504,"kosdaq",70.873,4.053,"ElecElectron",206,47.098,4.07,0,1
505,"kospi",715.597,54.533,"Pharm",1457,47.093,7.07,1,0
506,"kospi",262.673,21.169,"PaperWood",158,47.083,11.03,1,0
507,"kospi",11.963,0.763,"Service",51,47.071,7,1,0
508,"kosdaq",26.986,0.908,"ElecElectron",94,47.041,2.11,0,1
509,"kospi",285.221,15.232,"NonMetal",437,47.016,9.06,1,0
510,"kospi",126.762,53.073,"Finance",390,47,4,1,0
511,"kospi",297.113,15.008,"Service",579,47,5.05,1,0
512,"kospi",284.631,-123.179,"Constr",394,46.971,7.07,1,0
513,"kosdaq",341.039,1.703,"Steel",306,46.971,5.03,0,1
514,"kosdaq",33.343,-10.244,"Machinary",122,46.967,4.08,0,1
515,"kospi",153.042,19.386,"Chem",325,46.947,7.02,1,0
516,"kospi",301.297,26.619,"ElecElectron",276,46.945,7,1,0
517,"kosdaq",448.138,26.148,"ElecElectron",239,46.943,2.09,0,1
518,"kospi",161.238,16.864,"PaperWood",326,46.905,8,1,0
519,"kospi",11.085,10.364,"Service",27,46.889,7,1,0
520,"kospi",90.977,-4.642,"Constr",80,46.886,14.07,1,0
521,"kosdaq",86.15,0.525,"Service",240,46.838,1.09,0,1
522,"kospi",19.995,14.222,"Service",5,46.804,7.05,1,0
523,"kospi",3565.73,-48.845,"Steel",1756,46.797,9.06,1,0
524,"kosdaq",32.048,-8.353,"Chem",91,46.786,8.04,0,1
525,"kosdaq",16.547,-0.415,"Constr",28,46.783,9,0,1
526,"kospi",186.821,9.492,"Machinary",485,46.766,8.05,1,0
527,"kospi",578.105,23.297,"TranspEquip",1433,46.722,11.03,1,0
528,"kospi",359.008,8.939,"Steel",340,46.715,13.01,1,0
529,"kospi",405.702,22.606,"Chem",891,46.67,11.04,1,0
530,"kospi",91.02,-10.571,"PaperWood",93,46.644,13.1,1,0
531,"kospi",119.573,-13.901,"PaperWood",206,46.636,13,1,0
532,"kosdaq",55.724,3.358,"Distn",59,46.618,2.03,0,1
533,"kospi",103.215,5.582,"Machinary",230,46.614,,1,0
534,"kosdaq",80.608,15.462,"Food",58,46.583,14.06,0,1
535,"kospi",543.793,7.034,"Pharm",1733,46.572,5.09,1,0
536,"kosdaq",383.271,13.896,"ElecElectron",309,46.561,2,0,1
537,"kospi",543.955,3.271,"Chem",385,46.551,11,1,0
538,"kosdaq",100.981,1.938,"TranspEquip",269,46.439,10.07,0,1
539,"kospi",620.365,26.371,"Chem",328,46.401,8.03,1,0
540,"kospi",87.041,1.984,"Machinary",352,46.388,12.07,1,0
541,"kosdaq",148.32,9.007,"Machinary",266,46.321,3.09,0,1
542,"kospi",73.415,7.481,"Machinary",120,46.317,2.03,1,0
543,"kospi",261.817,7.191,"TranspEquip",331,46.311,4.07,1,0
544,"kosdaq",17.654,-10.46,"Service",81,46.267,2.01,0,1
545,"kospi",96.232,3.246,"TextileCloth",108,46.254,4.07,1,0
546,"kospi",96.382,-11.547,"Pharm",440,46.245,4.09,1,0
547,"kosdaq",75.299,-1.516,"Distn",58,46.218,,0,1
548,"kosdaq",11.151,15.794,"Service",14,46.195,3.04,0,1
549,"kospi",2189.738,101.382,"Distn",2074,46.192,6.09,1,0
550,"kospi",212.01,14.103,"Pharm",835,46.175,8.09,1,0
551,"kosdaq",13.74,0.163,"ElecElectron",61,46.133,6.03,0,1
552,"kosdaq",298.362,2.376,"Steel",119,46.122,7.09,0,1
553,"kospi",1005.949,6.87,"ElecElectron",446,46.112,8.09,1,0
554,"kosdaq",421.516,8.305,"Steel",259,46.093,5.06,0,1
555,"kospi",53.211,-8.387,"Machinary",170,46.084,3.01,1,0
556,"kosdaq",149.648,1.019,"Steel",338,46.062,10.07,0,1
557,"kospi",246.833,-15.625,"Constr",256,46.059,5.1,1,0
558,"kosdaq",204.438,26.483,"ElecElectron",474,46.041,4.09,0,1
559,"kosdaq",127.017,14.417,"Food",147,46.027,3.08,0,1
560,"kosdaq",126.939,-10.549,"Service",523,46.017,4.02,0,1
561,"kospi",134.928,2.226,"Steel",176,46.001,15,1,0
562,"kosdaq",27.322,2.008,"Machinary",62,46,7.04,0,1
563,"kospi",774.101,76.331,"Service",1070,46,6.05,1,0
564,"kospi",397.085,-21.009,"Pharm",1003,46,5.04,1,0
565,"kosdaq",277.567,10.945,"Steel",342,45.94,6.08,0,1
566,"kosdaq",28.826,11.099,"Finance",113,45.901,5.01,0,1
567,"kospi",30.141,4.085,"Service",37,45.892,8.06,1,0
568,"kospi",263.752,6.312,"Machinary",503,45.885,8.02,1,0
569,"kospi",45.489,2.572,"Food",52,45.885,7.09,1,0
570,"kosdaq",781.474,68,"ElecElectron",427,45.829,3.05,0,1
571,"kosdaq",88.747,-21.345,"Distn",169,45.811,8.01,0,1
572,"kospi",234.564,27.41,"Chem",232,45.793,6,1,0
573,"kosdaq",28.19,2.164,"Pharm",142,45.777,2.03,0,1
574,"kospi",512.634,10.607,"Food",565,45.775,6.07,1,0
575,"kospi",157.87,0.537,"PaperWood",273,45.72,12,1,0
576,"kosdaq",63.572,2.176,"Machinary",193,45.714,5.1,0,1
577,"kosdaq",47.642,5.48,"ElecElectron",159,45.706,4.01,0,1
578,"kosdaq",192.986,21.653,"Service",153,45.678,3.08,0,1
579,"kospi",789.102,50.754,"Food",1548,45.634,10.07,1,0
580,"kospi",688.786,14.269,"Chem",360,45.626,6.02,1,0
581,"kospi",186.853,4.695,"Food",91,45.604,9.01,1,0
582,"kosdaq",26.305,-5.719,"PaperWood",113,45.573,11.05,0,1
583,"kosdaq",45.389,-7.893,"ElecElectron",60,45.567,5.05,0,1
584,"kospi",220.632,11.784,"PaperWood",205,45.532,8.08,1,0
585,"kospi",192.933,3.282,"NonMetal",128,45.522,10,1,0
586,"kospi",1045.133,31.076,"Steel",607,45.495,5.09,1,0
587,"kosdaq",17.626,-3.237,"ElecElectron",106,45.467,4,0,1
588,"kosdaq",22.231,-8.102,"ElecElectron",115,45.421,4.05,0,1
589,"kosdaq",121.907,8.836,"PaperWood",97,45.415,10.09,0,1
590,"kosdaq",277.627,5.521,"Service",539,45.361,5.02,0,1
591,"kosdaq",23.548,-19.547,"Machinary",138,45.326,4.04,0,1
592,"kosdaq",72.844,10.315,"Chem",199,45.303,5.05,0,1
593,"kospi",2015.765,87.931,"Food",5141,45.272,8.01,1,0
594,"kosdaq",133.555,1.41,"ElecElectron",216,45.258,4.09,0,1
595,"kosdaq",14.085,-7.673,"Service",51,45.255,3.02,0,1
596,"kospi",197.974,-1.989,"TranspEquip",343,45.248,9.09,1,0
597,"kosdaq",122.701,7.961,"Pharm",465,45.242,6.08,0,1
598,"kosdaq",12.803,-29.058,"Finance",18,45.222,2.03,0,1
599,"kospi",1521.213,137.92,"Distn",2950,45.199,8.02,1,0
600,"kospi",161.994,5.044,"Service",592,45.196,5.08,1,0
601,"kospi",121.843,5.782,"NonMetal",252,45.179,11.03,1,0
602,"kosdaq",48.465,-15.556,"ElecElectron",91,45.156,2.03,0,1
603,"kospi",40.039,-12.007,"Service",232,45.136,5.01,1,0
604,"kosdaq",68.903,-1.027,"ElecElectron",204,45.118,4,0,1
605,"kospi",211.2,8.731,"Chem",119,45.107,8.04,1,0
606,"kosdaq",65.928,11.866,"Service",324,45.102,4.01,0,1
607,"kospi",423.884,28.54,"Distn",295,45.085,4.08,1,0
608,"kospi",131.021,6.59,"Chem",306,45.079,9.09,1,0
609,"kospi",115.45,4.193,"Warehouse",722,45.051,11.09,1,0
610,"kosdaq",91.28,-18.434,"ElecElectron",130,44.992,2.1,0,1
611,"kosdaq",134.858,-0.857,"TranspEquip",205,44.987,7.08,0,1
612,"kosdaq",108.964,7.659,"Distn",129,44.984,7.02,0,1
613,"kospi",220.021,-6.997,"Steel",290,44.978,5.08,1,0
614,"kosdaq",213.99,13.342,"ElecElectron",311,44.924,3.04,0,1
615,"kosdaq",166.53,9.364,"TranspEquip",358,44.886,7.02,0,1
616,"kospi",987.276,-11.927,"ElecElectron",1114,44.862,5.07,1,0
617,"kosdaq",171.744,6.069,"Machinary",185,44.858,6.02,0,1
618,"kosdaq",1019.568,110.749,"Service",882,44.857,6.07,0,1
619,"kosdaq",130.954,4.006,"Pharm",463,44.832,4.06,0,1
620,"kospi",1050.904,8.921,"NonMetal",1107,44.813,8.05,1,0
621,"kospi",703.236,-29.219,"Machinary",683,44.775,4.03,1,0
622,"kosdaq",135.295,1.163,"Steel",193,44.772,7.04,0,1
623,"kosdaq",184.145,9.045,"ElecElectron",321,44.751,8.01,0,1
624,"kospi",223.372,1.311,"Pharm",812,44.744,8.02,1,0
625,"kosdaq",219.431,22.797,"Service",194,44.722,2.09,0,1
626,"kosdaq",138.418,7.29,"Steel",97,44.647,,0,1
627,"kospi",94.841,1.312,"TranspEquip",301,44.633,9.09,1,0
628,"kosdaq",24.361,2.016,"Chem",114,44.618,4.07,0,1
629,"kospi",344.892,4.547,"Chem",193,44.611,11.02,1,0
630,"kospi",125.862,4.327,"Chem",192,44.568,14,1,0
631,"kosdaq",53.873,7.692,"Pharm",59,44.561,4,0,1
632,"kosdaq",189.48,-6.399,"Service",709,44.519,6,0,1
633,"kosdaq",2.447,0.591,"Service",2,44.5,6.01,0,1
634,"kospi",17.977,2.803,"Service",73,44.493,7.03,1,0
635,"kosdaq",63.492,9.402,"Service",199,44.47,3.08,0,1
636,"kosdaq",82.359,10.063,"Service",126,44.468,3.09,0,1
637,"kosdaq",136.664,0.208,"TranspEquip",378,44.445,11.08,0,1
638,"kosdaq",23.003,4.974,"MedPrec",74,44.445,3.01,0,1
639,"kospi",101.116,-4.854,"Pharm",421,44.431,6.08,1,0
640,"kospi",230.188,8.914,"Chem",203,44.389,7.02,1,0
641,"kosdaq",78.046,14.69,"ElecElectron",195,44.368,4.06,0,1
642,"kospi",293.81,31.162,"Chem",341,44.314,12,1,0
643,"kosdaq",54.911,4.192,"Service",69,44.289,8.01,0,1
644,"kospi",779.756,100.363,"Others",843,44.267,2.07,1,0
645,"kosdaq",86.874,16.333,"Service",252,44.262,3.06,0,1
646,"kosdaq",83.473,6.884,"Service",375,44.237,2.11,0,1
647,"kospi",298.697,6.106,"Steel",79,44.177,9.07,1,0
648,"kospi",1958.918,0.207,"Food",4626,44.158,11.07,1,0
649,"kosdaq",28.415,3.133,"Service",260,44.144,3.1,0,1
650,"kospi",128.505,-2.155,"TranspEquip",272,44.132,10.1,1,0
651,"kospi",1054.457,51.472,"Distn",454,44.095,7.08,1,0
652,"kosdaq",13.024,-0.526,"Service",65,44.092,4.01,0,1
653,"kosdaq",57.165,0.35,"Steel",77,44.085,8.04,0,1
654,"kosdaq",43.488,4.764,"ElecElectron",115,44.069,7.1,0,1
655,"kosdaq",89.929,0.154,"Machinary",173,44.031,6.11,0,1
656,"kosdaq",26.448,-1.928,"ElecElectron",69,44.028,11,0,1
657,"kosdaq",247.35,-206.167,"TranspEquip",435,44.017,10.01,0,1
658,"kospi",252.277,10.83,"NonMetal",520,44.015,4.04,1,0
659,"kosdaq",24.668,-2.792,"Service",140,44,4,0,1
660,"kospi",633.379,13.937,"PaperWood",565,44,10.06,1,0
661,"kosdaq",49.753,-7.596,"Distn",63,43.995,7.01,0,1
662,"kosdaq",88.068,10.273,"ElecElectron",132,43.943,4.06,0,1
663,"kosdaq",87.973,-4.935,"Service",43,43.928,4.04,0,1
664,"kosdaq",145.122,1.505,"Constr",237,43.911,11.08,0,1
665,"kosdaq",52.003,0.91,"ElecElectron",121,43.868,2.05,0,1
666,"kosdaq",313.154,6.341,"Steel",88,43.85,7.04,0,1
667,"kosdaq",28.127,5.361,"ElecElectron",74,43.75,3.05,0,1
668,"kosdaq",89.986,12.906,"Machinary",256,43.738,4.07,0,1
669,"kosdaq",29.07,1.557,"Service",18,43.72,2.08,0,1
670,"kosdaq",480.725,24.581,"TranspEquip",676,43.666,12,0,1
671,"kosdaq",290.724,10.791,"ElecElectron",438,43.653,5.03,0,1
672,"kosdaq",618.316,14.737,"Steel",1196,43.633,11.01,0,1
673,"kospi",72.045,19.034,"TranspEquip",300,43.624,8.04,1,0
674,"kosdaq",110.097,19.941,"ElecElectron",165,43.624,3,0,1
675,"kosdaq",151.91,25.796,"ElecElectron",284,43.595,4.02,0,1
676,"kospi",308.547,-16.537,"Steel",655,43.573,15.04,1,0
677,"kospi",163.264,0.617,"PaperWood",249,43.572,12.08,1,0
678,"kospi",200.446,29.14,"Service",474,43.571,4,1,0
679,"kosdaq",47.874,10.123,"Service",91,43.562,2.06,0,1
680,"kospi",733.567,35.195,"Distn",1536,43.521,5.02,1,0
681,"kospi",13.501,6.65,"Service",26,43.517,6.06,1,0
682,"kosdaq",35.449,5.493,"Service",150,43.495,4.11,0,1
683,"kospi",639.562,15.687,"Distn",581,43.491,5.1,1,0
684,"kospi",287.879,-12.54,"Chem",234,43.485,8.04,1,0
685,"kospi",142.759,26.489,"Machinary",535,43.444,5.07,1,0
686,"kospi",449.833,12.562,"Warehouse",592,43.442,9.02,1,0
687,"kosdaq",23.894,-3.266,"Machinary",110,43.418,5.06,0,1
688,"kospi",583.788,4.45,"Food",344,43.401,8.07,1,0
689,"kosdaq",186.99,6.27,"TranspEquip",156,43.321,7.01,0,1
690,"kospi",439.215,22.879,"ElecElectron",756,43.309,6.01,1,0
691,"kosdaq",49.241,1.433,"ElecElectron",84,43.274,8.05,0,1
692,"kospi",760.553,10.326,"Steel",362,43.184,10.03,1,0
693,"kosdaq",41.032,1.287,"Pharm",252,43.164,7.05,0,1
694,"kosdaq",122.697,-12.667,"ElecElectron",384,43.141,5.01,0,1
695,"kosdaq",126.757,14.695,"Service",859,43.134,4.01,0,1
696,"kospi",1948.139,-14.923,"Finance",1831,43.075,5.08,1,0
697,"kosdaq",182.103,-13.946,"Service",49,43.053,3.08,0,1
698,"kospi",170.006,2.891,"Chem",375,43.048,11.1,1,0
699,"kospi",115.299,10.217,"MedPrec",398,43.045,4.08,1,0
700,"kosdaq",118.295,4.368,"Steel",82,42.974,9.07,0,1
701,"kospi",1297.804,-94.665,"Distn",874,42.957,5.08,1,0
702,"kospi",5071.753,-41.089,"ElecElectron",9755,42.945,4.06,1,0
703,"kosdaq",43.234,4.97,"Steel",63,42.878,10.04,0,1
704,"kospi",50.862,-21.762,"Machinary",221,42.805,5.09,1,0
705,"kosdaq",24.511,-0.77,"Service",223,42.796,3.05,0,1
706,"kosdaq",1241.823,6.745,"Constr",1111,42.792,6.05,0,1
707,"kospi",312.075,9.401,"Pharm",1015,42.792,6.08,1,0
708,"kosdaq",37.355,1.108,"ElecElectron",110,42.788,4,0,1
709,"kosdaq",15.022,1.902,"Steel",53,42.717,5.08,0,1
710,"kosdaq",80.747,0.958,"Chem",95,42.714,11.1,0,1
711,"kosdaq",203.161,6.144,"Constr",279,42.671,7.04,0,1
712,"kosdaq",76.703,6.335,"ElecElectron",211,42.656,3.05,0,1
713,"kospi",415.219,3.133,"TranspEquip",335,42.64,4.08,1,0
714,"kospi",664.947,29.357,"Food",501,42.607,7.09,1,0
715,"kospi",45.32,2.974,"Chem",142,42.605,11.05,1,0
716,"kosdaq",178.061,10.493,"Service",153,42.51,4.11,0,1
717,"kosdaq",88.901,12.143,"ElecElectron",194,42.505,2.02,0,1
718,"kosdaq",43.592,5.122,"ElecElectron",223,42.504,4.08,0,1
719,"kospi",39.221,-4.74,"Service",130,42.434,4.02,1,0
720,"kosdaq",68.934,-2.305,"Steel",160,42.345,4.05,0,1
721,"kosdaq",47.203,-3.125,"TranspEquip",157,42.325,8.09,0,1
722,"kosdaq",122.059,6.346,"Pharm",417,42.296,3.06,0,1
723,"kosdaq",47.996,10.067,"PaperWood",144,42.222,5.09,0,1
724,"kospi",215.61,18.045,"Chem",295,42.219,3.05,1,0
725,"kospi",55.283,1.822,"Warehouse",439,42.216,6.1,1,0
726,"kospi",1806.833,119.749,"Service",4824,42.215,4.09,1,0
727,"kosdaq",20.45,5.902,"TranspEquip",25,42.174,3.07,0,1
728,"kospi",341.339,9.215,"ElecElectron",784,42.167,7.03,1,0
729,"kosdaq",12.122,-11.116,"ElecElectron",86,42.161,1.08,0,1
730,"kosdaq",3.375,4.781,"Service",15,42.156,3.06,0,1
731,"kosdaq",101.642,12.843,"TranspEquip",436,42.152,7.02,0,1
732,"kospi",500.426,9.516,"TextileCloth",525,42.109,3.07,1,0
733,"kospi",141.304,4.475,"Chem",367,42.085,11.05,1,0
734,"kosdaq",25.975,-3.735,"Machinary",153,42.027,3,0,1
735,"kosdaq",458.663,-10.716,"TranspEquip",1055,42.01,11.04,0,1
736,"kosdaq",24.637,-7.765,"Distn",41,42,3.01,0,1
737,"kospi",91.524,0.263,"Distn",60,42,8.04,1,0
738,"kosdaq",70.475,9.172,"ElecElectron",152,42,4.04,0,1
739,"kosdaq",112.17,8.17,"Service",173,41.956,6.03,0,1
740,"kosdaq",0.69,-14.997,"Service",4,41.894,18,0,1
741,"kospi",116.593,0.156,"ElecElectron",260,41.877,8.06,1,0
742,"kospi",347.354,8.975,"Steel",190,41.821,5.08,1,0
743,"kosdaq",71.446,-3.064,"ElecElectron",152,41.77,6.03,0,1
744,"kospi",171.024,7.018,"Chem",604,41.768,4.03,1,0
745,"kosdaq",52.924,3.042,"Constr",58,41.727,6.04,0,1
746,"kospi",258.785,12.502,"Chem",278,41.675,10,1,0
747,"kospi",251.734,4.89,"Warehouse",244,41.668,7.08,1,0
748,"kospi",61.964,3.81,"Chem",67,41.633,5.07,1,0
749,"kospi",79.108,3.184,"Chem",67,41.633,5.07,1,0
750,"kosdaq",74.528,16.282,"ElecElectron",224,41.589,3.06,0,1
751,"kosdaq",6.616,0.256,"Distn",18,41.556,1,0,1
752,"kospi",559.822,-6.164,"TextileCloth",563,41.537,5.01,1,0
753,"kosdaq",61.679,0.758,"Steel",184,41.491,11.05,0,1
754,"kosdaq",51.713,9.103,"Pharm",182,41.473,2.05,0,1
755,"kosdaq",55.73,3.755,"Machinary",106,41.445,7.07,0,1
756,"kosdaq",31.827,3.866,"Machinary",106,41.445,10.05,0,1
757,"kosdaq",45.784,-5.492,"Service",339,41.445,4.03,0,1
758,"kospi",169.059,1.236,"Steel",131,41.442,8.02,1,0
759,"kospi",661.175,6.235,"TranspEquip",1001,41.424,8.01,1,0
760,"kospi",150.091,2.763,"Steel",270,41.412,15.08,1,0
761,"kospi",201.236,-39.994,"ElecElectron",330,41.364,6.07,1,0
762,"kosdaq",58.62,9.991,"Pharm",133,41.361,5.08,0,1
763,"kosdaq",91.723,5.115,"Pharm",98,41.357,6.03,0,1
764,"kospi",241.688,0.632,"PaperWood",492,41.355,11.02,1,0
765,"kosdaq",202.44,6.738,"Steel",334,41.296,3.07,0,1
766,"kosdaq",180.472,-2.387,"ElecElectron",253,41.292,6.01,0,1
767,"kosdaq",141.254,18.902,"Pharm",305,41.272,3.09,0,1
768,"kospi",435.505,30.193,"Food",272,41.24,7.06,1,0
769,"kosdaq",62.746,2.831,"ElecElectron",323,41.223,5.09,0,1
770,"kospi",208.666,10.097,"Constr",295,41.186,6.03,1,0
771,"kospi",703.303,15.528,"Distn",720,41.164,4,1,0
772,"kosdaq",29.441,0.392,"NonMetal",70,41.149,9,0,1
773,"kosdaq",106.873,9.816,"Steel",191,41.117,3.08,0,1
774,"kospi",332.306,5.436,"TranspEquip",933,41.111,9,1,0
775,"kosdaq",69.874,2.579,"Pharm",244,41.102,4.06,0,1
776,"kosdaq",42.806,3.491,"Service",205,41.089,3.09,0,1
777,"kosdaq",122.249,7.32,"PaperWood",309,41.076,3.07,0,1
778,"kospi",73.388,4.129,"TextileCloth",148,41.072,6.01,1,0
779,"kosdaq",50.926,-6.413,"Machinary",111,41.045,3.02,0,1
780,"kosdaq",41.001,0.677,"ElecElectron",161,41.037,4.06,0,1
781,"kosdaq",136.081,0.564,"Service",150,41.02,5.04,0,1
782,"kospi",1389.653,80.671,"TextileCloth",922,41.012,4.03,1,0
783,"kospi",527.222,9.878,"NonMetal",951,41,10.04,1,0
784,"kosdaq",54.27,-2.458,"Service",257,41,6.03,0,1
785,"kospi",272.34,16.88,"Distn",80,41,9.01,1,0
786,"kospi",1524.226,102.925,"Food",4251,41,9.03,1,0
787,"kosdaq",6.52,-6.89,"ElecElectron",23,41,3.01,0,1
788,"kosdaq",44.708,3.936,"Pharm",325,41,3.04,0,1
789,"kosdaq",92.763,2.631,"Chem",24,41,5,0,1
790,"kospi",1982.801,-443.261,"ElecElectron",1021,40.997,9.03,1,0
791,"kosdaq",40.723,-11.457,"ElecElectron",275,40.982,8.08,0,1
792,"kospi",137.688,1.794,"Pharm",574,40.977,9,1,0
793,"kosdaq",502.878,27.874,"ElecElectron",217,40.943,4.07,0,1
794,"kosdaq",26.855,3.084,"ElecElectron",156,40.929,4.05,0,1
795,"kosdaq",28.675,-10.251,"ElecElectron",51,40.926,4.06,0,1
796,"kospi",173.339,19.412,"Distn",245,40.92,8.08,1,0
797,"kosdaq",55.333,3.65,"Chem",131,40.91,6.01,0,1
798,"kospi",385.03,0.316,"PaperWood",380,40.884,14,1,0
799,"kosdaq",115.766,6.444,"Machinary",236,40.875,11.01,0,1
800,"kosdaq",40.729,2.019,"Service",85,40.859,3.05,0,1
801,"kospi",196.298,-9.865,"Distn",348,40.825,8.03,1,0
802,"kosdaq",134.455,2.613,"Food",87,40.824,9.03,0,1
803,"kosdaq",118.175,12.016,"TranspEquip",385,40.799,8,0,1
804,"kosdaq",69.814,0.052,"ElecElectron",120,40.784,3.07,0,1
805,"kospi",40.455,6.493,"Service",69,40.754,1.09,1,0
806,"kosdaq",53.394,4.809,"Distn",87,40.711,4.05,0,1
807,"kospi",77.161,36.452,"Pharm",247,40.7,5.07,1,0
808,"kosdaq",3.719,-11.737,"Service",55,40.697,2.03,0,1
809,"kospi",128.067,-2.73,"ElecElectron",145,40.697,7.07,1,0
810,"kosdaq",100.681,1.042,"Service",184,40.691,5,0,1
811,"kosdaq",143.001,6.541,"PaperWood",292,40.614,,0,1
812,"kospi",48.495,-6.39,"Chem",115,40.607,13.07,1,0
813,"kospi",11.77,0.69,"ElecElectron",123,40.603,7.06,1,0
814,"kosdaq",53.692,3.228,"TranspEquip",113,40.582,3.08,0,1
815,"kospi",390.133,7.895,"Warehouse",316,40.535,6.08,1,0
816,"kosdaq",91.833,4.324,"Food",79,40.519,7.01,0,1
817,"kosdaq",32.366,3.318,"Machinary",113,40.517,3.09,0,1
818,"kosdaq",48.811,6.809,"ElecElectron",159,40.508,3.02,0,1
819,"kosdaq",44.735,1.878,"Service",95,40.484,4.07,0,1
820,"kospi",1209.785,-1.187,"Warehouse",2111,40.484,9.05,1,0
821,"kosdaq",391.463,-2.694,"Warehouse",620,40.476,5.05,0,1
822,"kosdaq",237.63,14.687,"Machinary",350,40.474,4.03,0,1
823,"kospi",1007.19,61.38,"Food",1325,40.457,10.07,1,0
824,"kospi",323.851,21.933,"Chem",551,40.437,11.05,1,0
825,"kosdaq",19.222,-0.725,"Machinary",70,40.371,3.07,0,1
826,"kospi",114.335,16.991,"Pharm",312,40.358,5.03,1,0
827,"kospi",258.435,25.515,"PaperWood",296,40.349,7.07,1,0
828,"kospi",30.183,-5.05,"Pharm",190,40.318,5.08,1,0
829,"kosdaq",76.65,1.34,"Pharm",304,40.276,5.03,0,1
830,"kosdaq",1052.311,16.16,"Food",2337,40.246,7.05,0,1
831,"kosdaq",96.71,2.033,"Machinary",439,40.239,4.07,0,1
832,"kosdaq",138.741,3.309,"TranspEquip",262,40.236,5.01,0,1
833,"kosdaq",119.878,13.063,"Machinary",272,40.228,4.07,0,1
834,"kosdaq",257.274,19.309,"ElecElectron",562,40.214,3.05,0,1
835,"kospi",105.332,7.059,"Steel",130,40.208,8.01,1,0
836,"kosdaq",84.924,-4.647,"Service",95,40.203,4.04,0,1
837,"kosdaq",47.985,3.129,"Food",47,40.191,15,0,1
838,"kosdaq",188.597,-0.392,"Steel",54,40.185,6.08,0,1
839,"kospi",152.347,0.806,"Distn",350,40.184,8.09,1,0
840,"kosdaq",15.916,-4.241,"Machinary",93,40.176,2.07,0,1
841,"kospi",122.228,-18.942,"Pharm",444,40.124,11.02,1,0
842,"kosdaq",115.147,5.123,"Food",377,40.111,6.05,0,1
843,"kospi",343.498,2.038,"TranspEquip",593,40.098,10,1,0
844,"kospi",22.315,-6.406,"Distn",53,40.091,1,1,0
845,"kosdaq",15.421,-2.286,"Distn",77,40.072,3.02,0,1
846,"kospi",5242.016,69.287,"Chem",3840,40.066,10,1,0
847,"kosdaq",402.048,9.411,"TranspEquip",904,40.037,4.02,0,1
848,"kosdaq",27.834,-5.225,"MedPrec",162,40.031,6.08,0,1
849,"kosdaq",49.026,3.256,"Service",103,40.027,6.02,0,1
850,"kosdaq",30.846,1.645,"ElecElectron",65,40.016,4.01,0,1
851,"kospi",447.202,2.824,"ElecElectron",200,40.013,10.08,1,0
852,"kosdaq",122.221,0.256,"NonMetal",79,40,8.04,0,1
853,"kospi",721.101,27.694,"Service",1013,40,6.05,1,0
854,"kospi",10.886,-16.843,"Pharm",100,39.945,2,1,0
855,"kospi",232.983,24.243,"TranspEquip",267,39.931,10.07,1,0
856,"kosdaq",20.347,0.155,"ElecElectron",14,39.93,3.01,0,1
857,"kosdaq",88.253,4.79,"Steel",236,39.922,8.01,0,1
858,"kosdaq",36.756,0.316,"Service",214,39.915,5.05,0,1
859,"kosdaq",52.729,5.131,"Machinary",113,39.914,4.02,0,1
860,"kospi",41.006,-7.729,"ElecElectron",193,39.887,7.07,1,0
861,"kosdaq",20.394,-2.28,"MedPrec",282,39.875,3.01,0,1
862,"kospi",109.184,-1.916,"Warehouse",176,39.857,11.05,1,0
863,"kosdaq",44.077,1.006,"MedPrec",185,39.847,3.07,0,1
864,"kosdaq",53.761,20.47,"Service",178,39.841,2.02,0,1
865,"kosdaq",57.858,5.276,"Chem",90,39.822,3.08,0,1
866,"kosdaq",80.905,7.739,"Service",376,39.787,8,0,1
867,"kospi",77.116,-2.106,"Distn",34,39.706,8,1,0
868,"kosdaq",188.476,9.814,"TranspEquip",524,39.688,7.09,0,1
869,"kospi",62.072,-5.071,"Distn",25,39.665,,1,0
870,"kosdaq",36.262,15.437,"Pharm",122,39.658,2.07,0,1
871,"kospi",127.384,38.634,"Distn",327,39.644,10.03,1,0
872,"kosdaq",70.454,4.437,"ElecElectron",247,39.604,8.04,0,1
873,"kospi",121.285,7.751,"Chem",115,39.6,8.06,1,0
874,"kosdaq",79.541,4.943,"Service",284,39.599,3.06,0,1
875,"kosdaq",14.01,-2.29,"ElecElectron",44,39.576,7.07,0,1
876,"kosdaq",19.147,-4.935,"MedPrec",31,39.568,4.06,0,1
877,"kosdaq",40.748,5.664,"MedPrec",89,39.562,5.05,0,1
878,"kosdaq",21.342,2.433,"Machinary",53,39.551,3.04,0,1
879,"kosdaq",61.934,8.762,"Distn",200,39.505,5.09,0,1
880,"kospi",802.653,10.634,"Food",940,39.484,7.08,1,0
881,"kospi",1552.521,73.782,"Food",3934,39.483,8.04,1,0
882,"kospi",29.093,0.205,"Service",108,39.467,3.1,1,0
883,"kospi",129.111,-14.947,"Chem",363,39.419,13,1,0
884,"kosdaq",18.614,2.17,"ElecElectron",77,39.416,6.02,0,1
885,"kospi",147.525,16.512,"Pharm",536,39.406,9.1,1,0
886,"kosdaq",44.832,-1.324,"Steel",102,39.368,4.1,0,1
887,"kospi",93.073,0.575,"Steel",85,39.362,12.07,1,0
888,"kosdaq",44.216,-26.233,"Machinary",247,39.348,3.08,0,1
889,"kosdaq",48.336,3.732,"ElecElectron",85,39.293,4.04,0,1
890,"kosdaq",119.853,6.121,"TranspEquip",287,39.271,5,0,1
891,"kospi",485.168,4.095,"PaperWood",480,39.256,5.06,1,0
892,"kosdaq",180.296,22.312,"Pharm",601,39.245,5.08,0,1
893,"kospi",101.801,7.203,"Machinary",153,39.213,3.04,1,0
894,"kosdaq",25.2,3.359,"Service",78,39.188,2.01,0,1
895,"kosdaq",52.859,-2.036,"MedPrec",270,39.184,3.03,0,1
896,"kosdaq",2.589,-15.037,"Finance",11,39.182,3.01,0,1
897,"kosdaq",69.97,-5.222,"Service",296,39.182,4.08,0,1
898,"kosdaq",84.688,4.676,"Constr",133,39.173,9.03,0,1
899,"kosdaq",77.394,4.093,"Service",172,39.155,4,0,1
900,"kosdaq",63.933,7.092,"ElecElectron",201,39.154,3.02,0,1
901,"kosdaq",43.782,4.832,"NonMetal",98,39.137,7.03,0,1
902,"kosdaq",53.969,-0.973,"ElecElectron",206,39.131,7.05,0,1
903,"kosdaq",43.207,2.674,"Service",235,39.125,3.02,0,1
904,"kosdaq",33.784,-0.5,"Service",180,39.112,5.06,0,1
905,"kospi",771.528,31.814,"Service",2668,39.099,10,1,0
906,"kospi",26.219,-25.265,"Pharm",154,39.065,4.08,1,0
907,"kospi",439.778,24.417,"ElecElectron",489,39.045,3.07,1,0
908,"kosdaq",26.714,-5.69,"Constr",28,39.033,2.07,0,1
909,"kosdaq",108.224,18.486,"Constr",561,39.013,7,0,1
910,"kospi",216.892,6.825,"TextileCloth",454,39.011,4.07,1,0
911,"kosdaq",133.895,12.016,"ElecElectron",358,39,3.06,0,1
912,"kosdaq",6.164,-3.846,"Steel",11,39,3.09,0,1
913,"kosdaq",51.789,4.532,"Steel",122,38.956,8.06,0,1
914,"kospi",31.404,1.921,"Chem",128,38.894,10.08,1,0
915,"kosdaq",21.655,-0.785,"ElecElectron",55,38.873,4.02,0,1
916,"kosdaq",55.337,3.658,"Chem",96,38.781,3,0,1
917,"kosdaq",191.828,2.046,"Distn",249,38.775,8.01,0,1
918,"kosdaq",83.208,6.505,"ElecElectron",178,38.747,3.99,0,1
919,"kosdaq",8.139,-2.95,"ElecElectron",19,38.737,1.07,0,1
920,"kosdaq",176.919,0.714,"Chem",240,38.708,4.08,0,1
921,"kosdaq",15.014,0.689,"Pharm",63,38.668,6,0,1
922,"kosdaq",60.174,2.279,"Pharm",300,38.666,7.06,0,1
923,"kosdaq",20.47,3.209,"Service",77,38.654,3.06,0,1
924,"kospi",712.1,-51.02,"Service",2088,38.64,5.08,1,0
925,"kosdaq",145.951,4.988,"Steel",168,38.633,8,0,1
926,"kosdaq",527.053,-3.4,"Steel",226,38.627,7.07,0,1
927,"kosdaq",70.35,1.303,"ElecElectron",130,38.609,3.01,0,1
928,"kosdaq",53.734,3.234,"Machinary",128,38.603,2.05,0,1
929,"kosdaq",91.421,3.498,"TextileCloth",112,38.589,2.11,0,1
930,"kosdaq",61.379,7.401,"Service",128,38.56,5.01,0,1
931,"kospi",134.816,16.795,"Pharm",661,38.56,4.06,1,0
932,"kosdaq",77.867,6.044,"Machinary",332,38.509,5,0,1
933,"kosdaq",5.561,-6.882,"Service",57,38.503,3,0,1
934,"kospi",82.029,0.303,"NonMetal",248,38.474,9.08,1,0
935,"kosdaq",109.648,-12.226,"ElecElectron",298,38.468,6.08,0,1
936,"kosdaq",62.775,5.404,"ElecElectron",267,38.464,3.02,0,1
937,"kosdaq",40.255,2.216,"Service",174,38.443,4.08,0,1
938,"kosdaq",28.061,-25.57,"PaperWood",118,38.438,7.06,0,1
939,"kosdaq",76.042,-3.144,"ElecElectron",52,38.423,4.07,0,1
940,"kosdaq",53.222,10.23,"ElecElectron",122,38.42,1.11,0,1
941,"kosdaq",209.098,-7.345,"ElecElectron",262,38.408,3.05,0,1
942,"kosdaq",30.197,0.668,"ElecElectron",96,38.396,4.01,0,1
943,"kospi",376.903,9.764,"Steel",414,38.374,8,1,0
944,"kosdaq",101.406,2.412,"TranspEquip",430,38.366,8.09,0,1
945,"kosdaq",206.396,-0.628,"Steel",287,38.339,2.08,0,1
946,"kosdaq",157.695,-0.316,"ElecElectron",246,38.332,2.08,0,1
947,"kosdaq",170.62,-4.399,"Machinary",511,38.325,3.08,0,1
948,"kosdaq",173.481,1.313,"Constr",275,38.315,,0,1
949,"kospi",119.403,12.602,"Service",471,38.306,3.03,1,0
950,"kosdaq",63.029,1.517,"Service",281,38.293,5,0,1
951,"kosdaq",54.671,5.558,"Machinary",141,38.289,3.06,0,1
952,"kospi",56.155,2.664,"Pharm",270,38.289,5.03,1,0
953,"kospi",104.686,12.476,"Machinary",456,38.267,6.05,1,0
954,"kosdaq",35.495,2.437,"Machinary",111,38.265,11.01,0,1
955,"kospi",57.794,2.249,"Service",175,38.262,4.02,1,0
956,"kosdaq",8.36,-0.856,"Steel",49,38.25,2.04,0,1
957,"kosdaq",56.572,11.95,"Pharm",328,38.244,6.06,0,1
958,"kospi",157.456,2.558,"Steel",73,38.242,8.11,1,0
959,"kosdaq",21.762,-1.365,"ElecElectron",59,38.22,7.04,0,1
960,"kospi",213.803,53.77,"Distn",292,38.203,9.03,1,0
961,"kosdaq",45.64,-5.241,"ElecElectron",150,38.203,10.05,0,1
962,"kospi",32.555,-3.058,"MedPrec",86,38.196,6.07,1,0
963,"kospi",426.258,1.434,"Warehouse",3058,38.194,14,1,0
964,"kosdaq",100.215,2.237,"Machinary",435,38.166,4.08,0,1
965,"kospi",316.301,4.106,"Distn",235,38.153,6.03,1,0
966,"kosdaq",43.889,-6.036,"PaperWood",157,38.147,3.03,0,1
967,"kosdaq",118.864,2.339,"Steel",38,38.137,4.07,0,1
968,"kosdaq",626.302,6.157,"ElecElectron",254,38.05,5,0,1
969,"kospi",161.779,10.134,"Chem",281,38.043,8.09,1,0
970,"kospi",1168.078,51.532,"Distn",3543,38.029,5,1,0
971,"kospi",146.461,2.073,"Pharm",574,38.019,6.04,1,0
972,"kosdaq",40.627,6.263,"Service",241,38.016,5.05,0,1
973,"kosdaq",6.505,0.188,"Finance",7,38,2.08,0,1
974,"kosdaq",134.266,1.512,"Machinary",216,38,4.08,0,1
975,"kospi",285.107,2.478,"Machinary",552,38,7,1,0
976,"kosdaq",65.163,8.479,"TranspEquip",277,38,4.06,0,1
977,"kospi",42.129,-1.547,"ElecElectron",153,37.994,8,1,0
978,"kosdaq",101.101,4.078,"Chem",207,37.935,7.02,0,1
979,"kosdaq",72.482,2.494,"Distn",73,37.932,5.06,0,1
980,"kosdaq",20.502,-5.265,"Machinary",41,37.927,2.02,0,1
981,"kosdaq",20.916,5.895,"ElecElectron",64,37.923,2.08,0,1
982,"kosdaq",30.029,1.882,"Chem",97,37.917,5.06,0,1
983,"kospi",14.786,2.665,"Distn",10,37.9,5,1,0
984,"kosdaq",204.481,10.329,"ElecElectron",194,37.892,2.05,0,1
985,"kospi",89.545,1.286,"Distn",92,37.848,4.05,1,0
986,"kospi",2809.98,-31.977,"Chem",1653,37.836,6.04,1,0
987,"kosdaq",26.146,2.025,"Machinary",140,37.829,5.02,0,1
988,"kospi",116.11,-4.712,"Food",370,37.792,11.06,1,0
989,"kosdaq",3.441,-34.36,"ElecElectron",60,37.738,1.08,0,1
990,"kospi",166.347,5.233,"ElecElectron",334,37.738,7.03,1,0
991,"kosdaq",142.305,12.536,"ElecElectron",322,37.736,2.09,0,1
992,"kosdaq",141.439,12.857,"ElecElectron",305,37.675,6,0,1
993,"kospi",547.093,90.329,"Steel",1002,37.672,8.08,1,0
994,"kosdaq",34.16,0.86,"Service",149,37.642,4.09,0,1
995,"kospi",158.252,12.728,"Steel",150,37.579,7.06,1,0
996,"kosdaq",70.659,6.03,"Machinary",108,37.557,2.09,0,1
997,"kospi",704.086,13.857,"Warehouse",714,37.505,5.02,1,0
998,"kospi",198.03,1.94,"Distn",195,37.489,3.01,1,0
999,"kosdaq",35.27,0.637,"ElecElectron",83,37.469,7.04,0,1
1000,"kosdaq",68.971,-3.773,"Machinary",250,37.468,6,0,1
1001,"kosdaq",18.774,0.648,"Chem",78,37.423,3.06,0,1
1002,"kosdaq",21.267,1.276,"Pharm",80,37.421,6.06,0,1
1003,"kospi",117.75,1.234,"ElecElectron",355,37.42,6.05,1,0
1004,"kosdaq",159.873,-1.364,"Distn",105,37.381,2.06,0,1
1005,"kosdaq",309.642,20.933,"ElecElectron",1071,37.379,3.01,0,1
1006,"kosdaq",6.859,-21.932,"ElecElectron",51,37.374,5.1,0,1
1007,"kosdaq",109.026,16.262,"Steel",74,37.373,6.1,0,1
1008,"kospi",214.94,-9.16,"TextileCloth",424,37.353,4.08,1,0
1009,"kospi",256.779,-54.016,"ElecElectron",718,37.348,13.05,1,0
1010,"kosdaq",46.496,4.721,"ElecElectron",137,37.343,4.02,0,1
1011,"kospi",166.841,5.696,"Food",308,37.342,7.02,1,0
1012,"kospi",409.974,-0.04,"Chem",617,37.282,6.06,1,0
1013,"kospi",149.022,7.62,"Steel",272,37.28,9.06,1,0
1014,"kosdaq",134.774,3.538,"Pharm",258,37.23,3.09,0,1
1015,"kosdaq",81.04,7.22,"ElecElectron",215,37.179,3,0,1
1016,"kospi",79.318,-1.564,"ElecElectron",179,37.132,8.06,1,0
1017,"kosdaq",232.683,16.39,"ElecElectron",283,37.113,4.02,0,1
1018,"kosdaq",9.214,14.469,"ElecElectron",283,37.113,4.02,0,1
1019,"kospi",1340.335,56.83,"Food",2731,37.081,7.05,1,0
1020,"kosdaq",416.474,22.485,"ElecElectron",454,37.05,4.05,0,1
1021,"kosdaq",92.165,2.728,"Service",240,37.028,3.06,0,1
1022,"kosdaq",12.654,3.904,"Service",71,37,13.04,0,1
1023,"kospi",194.279,0.454,"Distn",243,37,5.01,1,0
1024,"kosdaq",43.428,-10.436,"ElecElectron",165,36.995,4.07,0,1
1025,"kosdaq",61.182,4.232,"ElecElectron",68,36.99,4.03,0,1
1026,"kosdaq",30.108,-12.362,"ElecElectron",136,36.99,6.01,0,1
1027,"kosdaq",25.169,0.875,"ElecElectron",106,36.988,5.11,0,1
1028,"kosdaq",37.191,-21.281,"ElecElectron",135,36.985,3.02,0,1
1029,"kosdaq",70.108,3.279,"ElecElectron",213,36.981,5.01,0,1
1030,"kosdaq",10.058,1.946,"Service",132,36.968,3.07,0,1
1031,"kosdaq",5.978,0.743,"Service",77,36.967,3.05,0,1
1032,"kospi",108.276,3.16,"Chem",79,36.96,12,1,0
1033,"kosdaq",98.13,1.848,"Service",171,36.926,5.01,0,1
1034,"kosdaq",127.876,16.16,"Service",188,36.872,2.03,0,1
1035,"kospi",13.919,-6.45,"Distn",24,36.862,4.04,1,0
1036,"kosdaq",194.844,2.985,"TranspEquip",298,36.845,5.08,0,1
1037,"kosdaq",85.323,0.586,"TranspEquip",194,36.8,8,0,1
1038,"kospi",349.537,-52.72,"ElecElectron",604,36.778,6.09,1,0
1039,"kosdaq",202.375,5.574,"Steel",230,36.768,7,0,1
1040,"kosdaq",155.828,14.917,"Service",403,36.74,4.1,0,1
1041,"kosdaq",16.989,0.221,"Steel",63,36.723,3.03,0,1
1042,"kosdaq",630.588,24.535,"ElecElectron",1862,36.633,,0,1
1043,"kospi",73.561,7.054,"NonMetal",99,36.62,7.09,1,0
1044,"kosdaq",233.04,17.909,"Chem",250,36.618,2.06,0,1
1045,"kosdaq",82.535,8.301,"ElecElectron",242,36.616,3.08,0,1
1046,"kosdaq",100.586,-2.296,"ElecElectron",127,36.598,5.01,0,1
1047,"kosdaq",53.981,-2.918,"PaperWood",161,36.559,10.04,0,1
1048,"kosdaq",45.075,3.917,"Warehouse",51,36.549,3.07,0,1
1049,"kosdaq",203.551,13.159,"ElecElectron",173,36.549,1.07,0,1
1050,"kosdaq",104.138,-117.539,"Machinary",276,36.545,3.02,0,1
1051,"kosdaq",184.831,28.408,"Steel",534,36.542,13.03,0,1
1052,"kosdaq",36.517,0.687,"Service",240,36.538,3.03,0,1
1053,"kospi",145.921,4.61,"Steel",119,36.538,4.04,1,0
1054,"kosdaq",103.885,6.385,"Service",193,36.522,4.07,0,1
1055,"kosdaq",134.965,9.699,"Service",158,36.495,4.09,0,1
1056,"kospi",132.796,9.385,"PaperWood",176,36.482,8.05,1,0
1057,"kosdaq",85.361,3.067,"ElecElectron",242,36.446,4.08,0,1
1058,"kosdaq",226.688,48.18,"Service",661,36.417,3.07,0,1
1059,"kosdaq",39.667,1.853,"ElecElectron",149,36.368,6,0,1
1060,"kosdaq",101.17,1.646,"ElecElectron",233,36.365,5.09,0,1
1061,"kosdaq",43.9,1.504,"Pharm",247,36.361,7.09,0,1
1062,"kospi",195.987,1.166,"TranspEquip",549,36.288,10.08,1,0
1063,"kospi",55.617,1.286,"Distn",68,36.249,15.08,1,0
1064,"kospi",29.684,1.234,"NonMetal",44,36.241,20.1,1,0
1065,"kospi",126.234,8.709,"NonMetal",308,36.227,9.03,1,0
1066,"kospi",55.18,3.333,"Machinary",112,36.223,6.02,1,0
1067,"kosdaq",38.482,5.738,"Service",213,36.165,4.03,0,1
1068,"kosdaq",61.215,7.02,"ElecElectron",247,36.117,,0,1
1069,"kosdaq",21.124,0.564,"Service",35,36.109,5.08,0,1
1070,"kosdaq",19.878,-9.318,"Machinary",43,36.092,4.07,0,1
1071,"kosdaq",13.809,-0.931,"MedPrec",70,36.027,4.05,0,1
1072,"kosdaq",305.74,7.847,"Distn",519,36.024,5,0,1
1073,"kospi",54.365,-0.225,"ElecElectron",168,36.023,7.02,1,0
1074,"kosdaq",112.283,2.381,"Machinary",239,36.003,3.04,0,1
1075,"kosdaq",62.642,6.586,"Machinary",117,36,5,0,1
1076,"kospi",154.935,-27.74,"Machinary",218,36,7.08,1,0
1077,"kospi",39.558,0.816,"Distn",75,36,10.04,1,0
1078,"kosdaq",253.307,8.014,"ElecElectron",321,36,5.02,0,1
1079,"kosdaq",88.608,6.912,"ElecElectron",324,36,6.04,0,1
1080,"kospi",79.77,9.688,"Constr",134,35.993,9.05,1,0
1081,"kospi",64.745,5.126,"Machinary",89,35.966,7.08,1,0
1082,"kospi",141.654,-5.932,"Machinary",358,35.953,10,1,0
1083,"kosdaq",13.892,2.444,"ElecElectron",138,35.946,2.01,0,1
1084,"kospi",134.524,-0.731,"Steel",110,35.9,7.02,1,0
1085,"kosdaq",198.323,-4.006,"Steel",65,35.897,5.07,0,1
1086,"kosdaq",78.103,4.536,"Service",92,35.848,4.03,0,1
1087,"kosdaq",11.522,0.35,"ElecElectron",43,35.796,1.08,0,1
1088,"kosdaq",65.154,1.152,"ElecElectron",234,35.795,3.05,0,1
1089,"kosdaq",67.996,5.102,"TranspEquip",76,35.763,3.04,0,1
1090,"kosdaq",14.053,0.021,"ElecElectron",77,35.751,5.07,0,1
1091,"kospi",234.219,12.342,"PaperWood",300,35.727,6.09,1,0
1092,"kosdaq",95.032,15.512,"Service",165,35.685,2.08,0,1
1093,"kosdaq",340.055,7.327,"Service",418,35.675,4,0,1
1094,"kosdaq",4.516,-1.316,"Machinary",57,35.671,3,0,1
1095,"kosdaq",79.596,3.163,"ElecElectron",153,35.654,4.03,0,1
1096,"kospi",100.101,-3.872,"NonMetal",638,35.641,11,1,0
1097,"kosdaq",49.095,2.038,"Service",283,35.639,2.01,0,1
1098,"kosdaq",45.167,0.11,"ElecElectron",177,35.638,2.08,0,1
1099,"kosdaq",52.997,15.475,"Service",248,35.61,2.06,0,1
1100,"kospi",131.225,2.156,"Steel",208,35.606,10.05,1,0
1101,"kospi",103.271,3.375,"Others",79,35.598,9.07,1,0
1102,"kosdaq",74.367,3.054,"ElecElectron",259,35.587,3.1,0,1
1103,"kosdaq",151.434,17.013,"MedPrec",895,35.584,4.03,0,1
1104,"kosdaq",32.091,4.924,"Service",403,35.572,2.06,0,1
1105,"kosdaq",309.863,15.87,"ElecElectron",197,35.563,9.07,0,1
1106,"kosdaq",199.94,-0.701,"Distn",157,35.544,3.09,0,1
1107,"kosdaq",68.596,6.625,"ElecElectron",65,35.538,6,0,1
1108,"kosdaq",43.891,-3.867,"ElecElectron",135,35.441,7.02,0,1
1109,"kosdaq",136.767,2.832,"TextileCloth",486,35.431,6.02,0,1
1110,"kosdaq",33.025,-2.276,"Service",152,35.423,1.02,0,1
1111,"kosdaq",104.933,4.079,"ElecElectron",288,35.41,5.07,0,1
1112,"kosdaq",8.998,-8.501,"Service",28,35.406,4.02,0,1
1113,"kosdaq",31.612,4.46,"Machinary",96,35.392,4.05,0,1
1114,"kosdaq",353.322,12.516,"ElecElectron",343,35.387,3.05,0,1
1115,"kosdaq",27.789,2.938,"ElecElectron",146,35.385,3.05,0,1
1116,"kospi",152.872,8.719,"Machinary",449,35.327,4.1,1,0
1117,"kosdaq",225.052,5.29,"Distn",238,35.314,3.02,0,1
1118,"kospi",244.355,-8.346,"Steel",148,35.302,7.07,1,0
1119,"kosdaq",59,3.576,"Chem",162,35.302,6.05,0,1
1120,"kosdaq",32.302,3.508,"ElecElectron",80,35.3,3.02,0,1
1121,"kosdaq",50.467,4.502,"TextileCloth",126,35.27,7,0,1
1122,"kosdaq",38.096,3.43,"TranspEquip",145,35.267,4.06,0,1
1123,"kosdaq",48.519,4.34,"Service",167,35.251,8,0,1
1124,"kosdaq",35.532,-3.789,"Distn",93,35.246,3,0,1
1125,"kospi",173.471,-4.805,"TextileCloth",297,35.198,3.08,1,0
1126,"kosdaq",165.991,-1.686,"TextileCloth",212,35.196,4.03,0,1
1127,"kosdaq",39.911,4.441,"Pharm",291,35.179,3.08,0,1
1128,"kosdaq",88.319,6.612,"ElecElectron",166,35.173,6.08,0,1
1129,"kosdaq",43.618,0.936,"ElecElectron",224,35.134,8.09,0,1
1130,"kosdaq",33.073,5.327,"Chem",70,35.13,5.05,0,1
1131,"kosdaq",51.221,0.989,"Chem",154,35.097,6.09,0,1
1132,"kosdaq",510.03,-34.143,"ElecElectron",544,35.07,5.01,0,1
1133,"kosdaq",17.376,0.925,"Service",50,35.069,3,0,1
1134,"kosdaq",17.34,-4.78,"PaperWood",76,35.066,5.05,0,1
1135,"kosdaq",86.997,3.892,"Machinary",253,35,4.02,0,1
1136,"kosdaq",177.391,1.355,"Distn",65,35,4.07,0,1
1137,"kosdaq",23.243,4.326,"MedPrec",133,35,4,0,1
1138,"kospi",33.767,-28.756,"MedPrec",123,35,6.02,1,0
1139,"kospi",15.52,-4.498,"Machinary",37,34.992,5.07,1,0
1140,"kosdaq",44.214,1.478,"Chem",115,34.979,12.06,0,1
1141,"kosdaq",3.62,-18.117,"ElecElectron",14,34.953,1.09,0,1
1142,"kosdaq",137.711,-8.909,"ElecElectron",344,34.936,2.09,0,1
1143,"kosdaq",46.929,1.033,"PaperWood",130,34.935,5.08,0,1
1144,"kospi",39.467,-6.929,"Distn",132,34.928,2.02,1,0
1145,"kospi",39,-5.608,"ElecElectron",154,34.912,8.07,1,0
1146,"kosdaq",95.564,0.484,"TranspEquip",313,34.904,10.02,0,1
1147,"kosdaq",13.167,-21.233,"ElecElectron",55,34.891,6.08,0,1
1148,"kospi",93.266,6.855,"Chem",395,34.889,4.04,1,0
1149,"kospi",184.847,0.48,"Distn",167,34.877,4.04,1,0
1150,"kosdaq",51.714,-0.157,"PaperWood",288,34.859,3.09,0,1
1151,"kosdaq",33.685,3.548,"TranspEquip",104,34.852,4.01,0,1
1152,"kospi",9.911,-2.458,"Service",27,34.85,10.05,1,0
1153,"kospi",250.921,2.871,"Service",3929,34.829,5.08,1,0
1154,"kospi",70.088,-87.659,"Constr",77,34.79,5,1,0
1155,"kospi",227.069,9.631,"Food",551,34.777,6,1,0
1156,"kospi",44.577,1.449,"TranspEquip",77,34.767,9.02,1,0
1157,"kospi",64.376,2.366,"Chem",159,34.711,11.07,1,0
1158,"kospi",127.186,0.576,"Others",174,34.675,8.02,1,0
1159,"kosdaq",108.804,-4.01,"ElecElectron",491,34.675,3,0,1
1160,"kosdaq",187.942,3.926,"Steel",352,34.616,8.08,0,1
1161,"kosdaq",6.078,2.507,"Service",161,34.605,2.02,0,1
1162,"kosdaq",47.487,5.172,"ElecElectron",196,34.592,2.06,0,1
1163,"kosdaq",62.241,12.611,"Service",288,34.572,2.08,0,1
1164,"kosdaq",32.792,-11.091,"MedPrec",175,34.548,6.09,0,1
1165,"kosdaq",249.583,-0.65,"ElecElectron",471,34.517,5.02,0,1
1166,"kosdaq",94.726,-0.194,"Machinary",284,34.51,5,0,1
1167,"kospi",232.61,9.57,"ElecElectron",909,34.488,9,1,0
1168,"kosdaq",48.813,1.227,"ElecElectron",216,34.473,3.06,0,1
1169,"kosdaq",3.667,-19.147,"ElecElectron",34,34.471,4.04,0,1
1170,"kosdaq",239.382,10.14,"Chem",385,34.471,5.04,0,1
1171,"kosdaq",65.583,3.499,"Service",52,34.448,2.06,0,1
1172,"kosdaq",35.988,3.228,"ElecElectron",140,34.439,3.02,0,1
1173,"kosdaq",27.858,0.519,"Food",37,34.436,6.05,0,1
1174,"kosdaq",114.908,3.509,"Food",331,34.42,7.07,0,1
1175,"kosdaq",52.49,-8.123,"Pharm",319,34.417,3.06,0,1
1176,"kosdaq",133.928,4.204,"TranspEquip",408,34.385,4.08,0,1
1177,"kospi",218.8,15.215,"Service",834,34.371,7.09,1,0
1178,"kospi",81.381,1.29,"ElecElectron",348,34.371,5,1,0
1179,"kosdaq",57.479,5.851,"ElecElectron",95,34.37,7.04,0,1
1180,"kosdaq",12.695,-1.493,"TextileCloth",31,34.355,5.01,0,1
1181,"kosdaq",18.312,-6.867,"Service",142,34.345,3.05,0,1
1182,"kospi",221.952,29.4,"PaperWood",304,34.293,4.08,1,0
1183,"kosdaq",70.515,2.049,"Service",130,34.291,3.03,0,1
1184,"kospi",53.706,0.587,"ElecElectron",161,34.29,5.05,1,0
1185,"kosdaq",27.175,0.469,"Chem",162,34.243,3.1,0,1
1186,"kospi",301.225,-11.936,"TranspEquip",449,34.225,4.09,1,0
1187,"kosdaq",254.479,25.117,"ElecElectron",527,34.22,6,0,1
1188,"kospi",138.834,-3.572,"Machinary",253,34.219,3,1,0
1189,"kospi",158.007,4.652,"TextileCloth",242,34.168,6,1,0
1190,"kosdaq",94.176,4.871,"Chem",358,34.162,7,0,1
1191,"kosdaq",236.825,10.287,"ElecElectron",305,34.161,1.05,0,1
1192,"kosdaq",179.995,7.921,"ElecElectron",732,34.145,3.01,0,1
1193,"kosdaq",47.494,-3.041,"ElecElectron",53,34.113,1.09,0,1
1194,"kospi",4.344,13.114,"Service",72,34.097,4,1,0
1195,"kosdaq",104.829,1.064,"Steel",189,34.078,6.02,0,1
1196,"kosdaq",46.96,3.699,"Service",442,34.041,2.03,0,1
1197,"kospi",2492.867,71.864,"Warehouse",4094,34.031,10.03,1,0
1198,"kosdaq",31.629,-1.87,"Distn",131,34.025,1.08,0,1
1199,"kosdaq",30.812,0.868,"ElecElectron",86,34.02,6.02,0,1
1200,"kosdaq",13.561,-6.418,"MedPrec",88,34.011,2.09,0,1
1201,"kospi",888.657,2.366,"Machinary",667,34,5.02,1,0
1202,"kosdaq",96.563,7.275,"Pharm",502,34,6.02,0,1
1203,"kospi",373.313,16.373,"Service",354,33.993,4.05,1,0
1204,"kosdaq",170.145,2.069,"ElecElectron",115,33.959,3.04,0,1
1205,"kosdaq",15.071,-7.131,"Warehouse",41,33.926,2.03,0,1
1206,"kosdaq",86.994,0.291,"ElecElectron",197,33.888,6,0,1
1207,"kosdaq",256.21,7.283,"Steel",66,33.875,6.04,0,1
1208,"kosdaq",65.451,1.25,"TranspEquip",216,33.874,6.09,0,1
1209,"kospi",191.205,-12.229,"PaperWood",336,33.874,8.08,1,0
1210,"kospi",47.286,-3.132,"Pharm",232,33.846,5.03,1,0
1211,"kospi",238.806,4.658,"Steel",203,33.778,8.07,1,0
1212,"kosdaq",25.147,5.999,"Pharm",80,33.763,4.04,0,1
1213,"kosdaq",129.664,4.52,"ElecElectron",158,33.744,5.08,0,1
1214,"kospi",211.28,35.972,"Food",343,33.741,5.01,1,0
1215,"kosdaq",32.281,-4.562,"ElecElectron",115,33.723,4.05,0,1
1216,"kosdaq",133.333,0.526,"Machinary",553,33.712,5.07,0,1
1217,"kospi",99.832,-75.021,"Steel",157,33.692,6.02,1,0
1218,"kosdaq",21.788,4.443,"Service",128,33.687,3.04,0,1
1219,"kosdaq",80.462,7.971,"NonMetal",323,33.674,5.03,0,1
1220,"kospi",96.207,7.869,"Food",141,33.637,8.02,1,0
1221,"kospi",820.657,5.837,"Food",2367,33.576,6.02,1,0
1222,"kospi",117.04,-1.649,"Chem",225,33.573,8.03,1,0
1223,"kosdaq",859.496,-11.312,"Constr",1104,33.571,4.07,0,1
1224,"kosdaq",27.13,0.519,"Service",73,33.561,8.02,0,1
1225,"kosdaq",46.377,5.103,"Pharm",217,33.56,3.04,0,1
1226,"kosdaq",85.715,0.206,"Warehouse",132,33.553,21.07,0,1
1227,"kospi",10939.021,307.327,"Distn",16340,33.487,5.09,1,0
1228,"kosdaq",15.71,-4.468,"Steel",41,33.463,4,0,1
1229,"kosdaq",52.484,3.157,"Service",224,33.42,3.08,0,1
1230,"kospi",418.238,15.24,"Food",1517,33.369,7.02,1,0
1231,"kosdaq",257.359,-6.259,"ElecElectron",1203,33.364,3,0,1
1232,"kosdaq",241.444,7.93,"ElecElectron",536,33.354,5.09,0,1
1233,"kosdaq",49.028,-19.257,"Chem",80,33.345,6.04,0,1
1234,"kospi",30.023,-9.202,"Chem",136,33.316,10.03,1,0
1235,"kosdaq",25.544,3.057,"TranspEquip",113,33.299,5,0,1
1236,"kospi",143.573,-0.545,"ElecElectron",185,33.298,5.09,1,0
1237,"kospi",161.584,3.789,"TextileCloth",294,33.284,6.05,1,0
1238,"kospi",1106.796,104.13,"Steel",555,33.259,7.04,1,0
1239,"kosdaq",10.49,-14.417,"Service",63,33.254,3.03,0,1
1240,"kospi",16121.838,1018.215,"Distn",24976,33.236,3.08,1,0
1241,"kosdaq",115.892,7.204,"Chem",159,33.233,5.06,0,1
1242,"kosdaq",37.145,2.527,"Pharm",217,33.212,5.11,0,1
1243,"kosdaq",10.573,1.32,"PaperWood",38,33.211,4.07,0,1
1244,"kosdaq",32.648,0.191,"Service",145,33.193,4.08,0,1
1245,"kospi",38.557,1.31,"Food",147,33.18,4.08,1,0
1246,"kosdaq",21.209,-21.511,"Constr",44,33.108,4.05,0,1
1247,"kosdaq",86.441,1.783,"Distn",111,33.091,7.04,0,1
1248,"kospi",375.907,9.772,"TranspEquip",443,33.062,6.04,1,0
1249,"kospi",76.69,0.343,"PaperWood",232,33.06,3.07,1,0
1250,"kosdaq",123.48,5.561,"Chem",275,33.029,6.02,0,1
1251,"kosdaq",59.389,20.527,"Service",534,33.026,2.02,0,1
1252,"kospi",26.585,-17.04,"Constr",71,33.017,2.09,1,0
1253,"kosdaq",6.252,-2.237,"Service",77,33.013,1.09,0,1
1254,"kosdaq",13.274,-24.827,"Constr",69,33,4.01,0,1
1255,"kosdaq",13.11,-3.175,"Service",127,33,4.05,0,1
1256,"kosdaq",44.471,-3.89,"ElecElectron",908,33,3,0,1
1257,"kosdaq",222.153,6.217,"Steel",116,33,6.01,0,1
1258,"kosdaq",19.263,4.372,"Pharm",117,32.983,6.06,0,1
1259,"kospi",378.399,-3.556,"Food",629,32.964,8.03,1,0
1260,"kosdaq",85.391,28.012,"ElecElectron",203,32.951,1.07,0,1
1261,"kosdaq",46.48,-0.822,"Constr",75,32.946,2.09,0,1
1262,"kosdaq",148.141,4.026,"Constr",157,32.936,4.04,0,1
1263,"kosdaq",46.079,2.393,"Steel",101,32.9,2.05,0,1
1264,"kosdaq",138.319,-4.676,"Steel",165,32.891,3.1,0,1
1265,"kosdaq",63.293,-0.671,"Distn",43,32.884,4,0,1
1266,"kospi",47.333,0.691,"ElecElectron",142,32.873,8.08,1,0
1267,"kosdaq",87.384,4.132,"MedPrec",218,32.855,4.03,0,1
1268,"kosdaq",45.614,-0.076,"ElecElectron",111,32.843,5.09,0,1
1269,"kosdaq",38.779,-0.425,"Machinary",163,32.792,7.01,0,1
1270,"kospi",930.98,67.746,"Pharm",291,32.787,7.1,1,0
1271,"kosdaq",102.124,-16.49,"Chem",291,32.787,7.1,0,1
1272,"kospi",664.525,72.745,"Service",1076,32.781,4.01,1,0
1273,"kosdaq",65.304,4.709,"Chem",178,32.761,,0,1
1274,"kospi",160.506,-5.1,"Distn",264,32.752,4.04,1,0
1275,"kosdaq",3.392,-1.434,"Service",41,32.739,3.1,0,1
1276,"kospi",81.371,-12.61,"ElecElectron",170,32.71,8.02,1,0
1277,"kosdaq",148.095,0.54,"TranspEquip",241,32.692,3.07,0,1
1278,"kosdaq",33.526,2.16,"Service",83,32.683,2.08,0,1
1279,"kosdaq",20.823,2.625,"MedPrec",150,32.673,2.09,0,1
1280,"kosdaq",110.959,0.49,"Steel",343,32.635,5.08,0,1
1281,"kosdaq",5.633,2.752,"Service",156,32.634,5,0,1
1282,"kospi",5.883,-4.935,"Service",30,32.631,5.08,1,0
1283,"kosdaq",247.295,8.483,"Steel",144,32.625,3.06,0,1
1284,"kosdaq",21.429,-1.869,"ElecElectron",200,32.624,2.08,0,1
1285,"kosdaq",20.374,-14.165,"ElecElectron",212,32.607,2.02,0,1
1286,"kosdaq",341.302,19.285,"ElecElectron",488,32.598,2.02,0,1
1287,"kosdaq",423.218,5.145,"ElecElectron",294,32.592,4.05,0,1
1288,"kosdaq",71.758,3.284,"Distn",119,32.572,4.06,0,1
1289,"kosdaq",388.47,-8.071,"ElecElectron",1305,32.558,3.03,0,1
1290,"kosdaq",159.316,2.245,"ElecElectron",273,32.556,2.09,0,1
1291,"kosdaq",44.178,0.517,"Distn",236,32.54,4.01,0,1
1292,"kosdaq",176.715,3.612,"Distn",370,32.532,2.04,0,1
1293,"kospi",53.459,6.426,"Chem",76,32.529,8,1,0
1294,"kosdaq",132.787,17.26,"Service",930,32.503,5.09,0,1
1295,"kosdaq",293.665,17.05,"ElecElectron",227,32.502,3.02,0,1
1296,"kosdaq",9.022,-13.595,"Distn",50,32.46,6.02,0,1
1297,"kospi",31.27,-6.279,"Chem",98,32.457,7.11,1,0
1298,"kosdaq",39.808,-11.76,"TranspEquip",209,32.435,12,0,1
1299,"kosdaq",1759.771,9.307,"Distn",1497,32.411,3.09,0,1
1300,"kosdaq",28.641,-7.342,"MedPrec",77,32.4,5.02,0,1
1301,"kosdaq",79.762,0.64,"ElecElectron",233,32.363,2.08,0,1
1302,"kosdaq",22.132,-0.579,"Machinary",97,32.357,5.06,0,1
1303,"kosdaq",75.537,0.258,"ElecElectron",307,32.349,7.01,0,1
1304,"kospi",10.812,-2.493,"Others",40,32.313,4,1,0
1305,"kosdaq",3.876,-1.407,"Pharm",31,32.307,2.06,0,1
1306,"kospi",54.999,3.944,"TextileCloth",25,32.306,5.06,1,0
1307,"kospi",1191.224,18.552,"Food",1881,32.297,6.08,1,0
1308,"kospi",17.774,-6.793,"Service",207,32.269,10.05,1,0
1309,"kospi",147.375,0.127,"ElecElectron",606,32.255,8.09,1,0
1310,"kosdaq",45.177,4.013,"NonMetal",159,32.25,8.08,0,1
1311,"kosdaq",20.004,-2.336,"Steel",60,32.223,5.02,0,1
1312,"kosdaq",17.465,3.38,"ElecElectron",89,32.213,3.09,0,1
1313,"kospi",20.21,-0.578,"ElecElectron",139,32.199,9,1,0
1314,"kosdaq",83.265,3.435,"ElecElectron",154,32.171,7.04,0,1
1315,"kosdaq",16.332,0.446,"Pharm",132,32.147,11.01,0,1
1316,"kosdaq",66.318,8.947,"MedPrec",384,32.141,3.02,0,1
1317,"kosdaq",11.756,-20.329,"Machinary",55,32.116,4.06,0,1
1318,"kospi",84.581,3.192,"Pharm",296,32.057,6.04,1,0
1319,"kosdaq",383.024,4.62,"ElecElectron",339,32.056,8,0,1
1320,"kosdaq",79.364,1.916,"Chem",371,32.033,5.04,0,1
1321,"kosdaq",24.801,5.792,"Service",217,32.026,2.09,0,1
1322,"kosdaq",72.252,0.97,"ElecElectron",279,31.98,3.11,0,1
1323,"kosdaq",91.874,7.39,"Chem",344,31.977,5.07,0,1
1324,"kosdaq",40.948,3.151,"Machinary",105,31.967,2.04,0,1
1325,"kosdaq",89.295,8.631,"Service",803,31.954,2.01,0,1
1326,"kosdaq",7.392,0.042,"PaperWood",48,31.926,3.06,0,1
1327,"kosdaq",30.239,-2.001,"Service",131,31.901,2.05,0,1
1329,"kosdaq",66.68,6.454,"ElecElectron",391,31.879,2.03,0,1
1330,"kospi",19.873,-6.418,"ElecElectron",85,31.863,8.01,1,0
1331,"kosdaq",8.323,-6.477,"Distn",9,31.849,1.09,0,1
1332,"kosdaq",45.397,0.446,"TextileCloth",39,31.843,3.03,0,1
1333,"kosdaq",94.321,3.093,"ElecElectron",223,31.816,2.08,0,1
1334,"kosdaq",104.113,-8.07,"Chem",237,31.807,3.07,0,1
1335,"kosdaq",66.216,5.124,"TranspEquip",197,31.773,8.02,0,1
1336,"kosdaq",10.038,0.27,"Service",46,31.765,3.01,0,1
1337,"kosdaq",25.635,2.561,"ElecElectron",122,31.76,3.04,0,1
1338,"kospi",122.977,17.668,"Service",592,31.758,2.03,1,0
1339,"kospi",443.279,17.002,"Others",954,31.738,3.02,1,0
1340,"kospi",251.656,8.216,"Distn",386,31.712,1.06,1,0
1341,"kosdaq",85.155,0.699,"ElecElectron",113,31.708,7.1,0,1
1342,"kosdaq",12.427,-3.15,"Service",47,31.703,2.09,0,1
1343,"kosdaq",76.33,1.078,"ElecElectron",705,31.687,4.09,0,1
1344,"kosdaq",50.001,-6.73,"ElecElectron",121,31.686,5.05,0,1
1345,"kosdaq",40.762,0.849,"ElecElectron",95,31.685,5.06,0,1
1346,"kosdaq",187.087,7.305,"Steel",286,31.658,,0,1
1347,"kosdaq",116.548,6.653,"PaperWood",218,31.549,5.09,0,1
1348,"kospi",131.917,4.042,"TranspEquip",355,31.532,6.01,1,0
1349,"kosdaq",92.063,1.934,"ElecElectron",207,31.462,4.03,0,1
1350,"kosdaq",107.741,1.299,"ElecElectron",133,31.444,3,0,1
1351,"kospi",163.282,9.331,"Machinary",450,31.431,6,1,0
1352,"kosdaq",113.761,1.227,"ElecElectron",348,31.426,2.05,0,1
1353,"kosdaq",35.351,-2.487,"Distn",11,31.416,1.08,0,1
1354,"kosdaq",176.864,34.345,"PaperWood",526,31.414,7.09,0,1
1355,"kosdaq",33.488,0.797,"TranspEquip",106,31.406,7.07,0,1
1356,"kosdaq",855.27,9.053,"ElecElectron",1328,31.36,3.07,0,1
1357,"kosdaq",96.579,3.594,"Food",142,31.347,7.01,0,1
1358,"kosdaq",27.185,-2.575,"ElecElectron",117,31.315,2.04,0,1
1359,"kosdaq",203.597,3.433,"TranspEquip",300,31.311,3.04,0,1
1360,"kosdaq",91.077,10.655,"ElecElectron",253,31.301,2.04,0,1
1361,"kosdaq",42.894,-0.234,"Service",185,31.292,3.06,0,1
1362,"kospi",194.248,11.249,"TextileCloth",930,31.255,7,1,0
1363,"kosdaq",9.689,-2.553,"Service",88,31.227,3.02,0,1
1364,"kosdaq",18.533,2.121,"Distn",47,31.195,4,0,1
1365,"kosdaq",42.951,-6.518,"Steel",85,31.186,3.02,0,1
1366,"kosdaq",10.058,-2.911,"Service",113,31.167,5,0,1
1367,"kosdaq",249.58,-8.42,"Chem",386,31.138,4.02,0,1
1368,"kosdaq",31.461,3.116,"Steel",64,31.135,7.02,0,1
1369,"kosdaq",16.583,-10.482,"Service",201,31.133,3.05,0,1
1370,"kosdaq",23.584,-5.144,"MedPrec",107,31.113,3.07,0,1
1371,"kosdaq",31.277,3.013,"ElecElectron",110,31.103,6.01,0,1
1372,"kosdaq",52.669,1.711,"ElecElectron",102,31.1,3.05,0,1
1373,"kosdaq",24.144,0.057,"TranspEquip",94,31.098,7.04,0,1
1374,"kosdaq",79.422,3.102,"TranspEquip",218,31.072,4.08,0,1
1375,"kospi",391.377,34.122,"PaperWood",742,31.062,8,1,0
1376,"kosdaq",76.59,-5.617,"Machinary",263,31.057,6,0,1
1377,"kospi",121.931,-30.955,"TextileCloth",535,31.039,2.01,1,0
1378,"kosdaq",48.685,-9.031,"Pharm",212,31.038,3.05,0,1
1379,"kosdaq",101.729,-4.473,"ElecElectron",179,31.022,7.07,0,1
1380,"kosdaq",23.644,-1.347,"Chem",133,31.005,3.1,0,1
1381,"kospi",87.036,-180.572,"Constr",103,31,4.02,1,0
1382,"kosdaq",40.553,-0.768,"Service",495,31,3.03,0,1
1383,"kospi",10.053,-5.697,"Distn",19,31,3.03,1,0
1384,"kospi",376.918,-147.196,"ElecElectron",822,31,2.07,1,0
1385,"kosdaq",20.128,-5.458,"Pharm",279,31,4.04,0,1
1386,"kosdaq",73.294,1.169,"Steel",123,31,5,0,1
1387,"kosdaq",96.603,0.43,"ElecElectron",471,30.988,3.02,0,1
1388,"kospi",215.611,13.61,"Chem",411,30.982,4.11,1,0
1389,"kosdaq",40.407,-15.113,"ElecElectron",132,30.977,4.06,0,1
1390,"kospi",259.439,-9.614,"TextileCloth",620,30.968,8,1,0
1391,"kosdaq",78.82,8.955,"Service",264,30.932,3.06,0,1
1392,"kosdaq",37.559,0.132,"Service",35,30.893,2.07,0,1
1393,"kospi",4502.005,123.167,"Distn",4453,30.879,4.05,1,0
1394,"kosdaq",70.546,2.565,"Machinary",216,30.87,5.02,0,1
1395,"kosdaq",80.931,-5.881,"Constr",226,30.837,4,0,1
1396,"kosdaq",20.984,0.272,"Pharm",116,30.813,6.07,0,1
1397,"kospi",50.422,-5.715,"TextileCloth",140,30.793,7.06,1,0
1398,"kosdaq",18.433,-4.84,"Service",155,30.778,3,0,1
1399,"kosdaq",76.417,1.302,"ElecElectron",250,30.712,5.09,0,1
1400,"kosdaq",28.549,-0.984,"Service",370,30.674,3.03,0,1
1401,"kosdaq",35.082,6.914,"ElecElectron",131,30.659,2,0,1
1402,"kospi",37.68,7.967,"Service",95,30.656,4.07,1,0
1403,"kosdaq",56.67,-4.918,"Pharm",241,30.653,4.08,0,1
1404,"kosdaq",61.278,-1.864,"TextileCloth",165,30.64,3.03,0,1
1405,"kospi",21.694,1.395,"Chem",48,30.627,10,1,0
1406,"kosdaq",65.57,-1.125,"TextileCloth",180,30.594,5,0,1
1407,"kosdaq",48.01,-5.529,"Pharm",209,30.589,4.07,0,1
1408,"kosdaq",747.582,4.775,"Food",1976,30.584,6.09,0,1
1409,"kosdaq",20.846,-7.992,"Chem",76,30.583,12.05,0,1
1410,"kosdaq",182.087,1.714,"ElecElectron",539,30.573,2.04,0,1
1411,"kosdaq",15.064,-8.474,"Service",251,30.559,2.07,0,1
1412,"kosdaq",95.55,-39,"ElecElectron",560,30.547,2.09,0,1
1413,"kosdaq",254.704,18.528,"Steel",1194,30.547,4.04,0,1
1414,"kosdaq",5.608,-2.064,"Service",31,30.546,2.08,0,1
1415,"kospi",171.003,8.749,"Chem",274,30.54,8.07,1,0
1416,"kosdaq",31.847,-3.324,"ElecElectron",82,30.537,4,0,1
1417,"kosdaq",16.587,9.985,"Service",66,30.485,2.01,0,1
1418,"kosdaq",13.473,-11.557,"Pharm",55,30.473,3.04,0,1
1419,"kosdaq",87.706,3.519,"ElecElectron",244,30.468,5.01,0,1
1420,"kosdaq",302.63,20.229,"ElecElectron",905,30.449,2.01,0,1
1421,"kosdaq",47.749,5.013,"ElecElectron",260,30.417,8.05,0,1
1422,"kosdaq",275.376,19.01,"ElecElectron",326,30.408,4.01,0,1
1423,"kosdaq",24.353,-8.873,"Machinary",32,30.398,1,0,1
1424,"kosdaq",23.868,1.729,"TranspEquip",129,30.332,5.08,0,1
1425,"kosdaq",70.099,1.28,"Food",235,30.332,8.04,0,1
1426,"kosdaq",51.982,-2.125,"ElecElectron",285,30.331,6.02,0,1
1427,"kosdaq",137.705,5.073,"ElecElectron",413,30.31,3.08,0,1
1428,"kosdaq",6.402,0.506,"Distn",9,30.295,3,0,1
1429,"kosdaq",3.888,-4.636,"Service",50,30.272,4.05,0,1
1430,"kosdaq",175.877,15.737,"ElecElectron",545,30.26,4.01,0,1
1431,"kospi",315.256,5.926,"Food",1271,30.254,9.08,1,0
1432,"kospi",351.262,10.12,"Constr",538,30.253,11.02,1,0
1433,"kosdaq",18.847,2.469,"ElecElectron",193,30.236,3.02,0,1
1434,"kosdaq",168.56,37.177,"Service",256,30.213,3.07,0,1
1435,"kosdaq",36.868,1.026,"Pharm",68,30.206,5.07,0,1
1436,"kosdaq",76.575,2.772,"Machinary",105,30.19,4.05,0,1
1437,"kospi",15.735,-31.511,"ElecElectron",65,30.108,5.08,1,0
1438,"kosdaq",117.695,1.084,"ElecElectron",200,30.075,2.01,0,1
1439,"kosdaq",109.787,0.662,"Distn",329,30.055,5.06,0,1
1440,"kosdaq",77.381,-1.233,"ElecElectron",216,30.008,5.01,0,1
1441,"kosdaq",60.211,6.907,"Service",363,30,3,0,1
1442,"kosdaq",18.666,3.916,"Steel",94,29.989,11,0,1
1443,"kosdaq",14.707,-3.115,"Service",24,29.988,4,0,1
1444,"kosdaq",71.459,3.866,"ElecElectron",157,29.949,2.04,0,1
1445,"kospi",20.029,0.551,"Pharm",57,29.947,3.09,1,0
1446,"kosdaq",20.042,3.593,"Pharm",95,29.936,4.05,0,1
1447,"kosdaq",54.245,2.419,"ElecElectron",193,29.887,2.05,0,1
1448,"kosdaq",57.969,-6.482,"ElecElectron",190,29.867,3.06,0,1
1449,"kosdaq",222.39,-1.311,"ElecElectron",122,29.866,3.09,0,1
1450,"kosdaq",179.322,4.734,"ElecElectron",569,29.859,2.11,0,1
1451,"kospi",21.443,0.572,"ElecElectron",14,29.841,6.04,1,0
1452,"kosdaq",75.102,10.465,"ElecElectron",330,29.827,3.01,0,1
1453,"kosdaq",13.209,-8.379,"Service",64,29.81,0.11,0,1
1454,"kosdaq",42.218,2.894,"Machinary",186,29.794,3.09,0,1
1455,"kosdaq",67.029,3.649,"Steel",378,29.794,9.09,0,1
1456,"kosdaq",30.361,1,"Machinary",128,29.716,3.04,0,1
1457,"kospi",8.97,8.515,"Service",2,29.705,2.09,1,0
1458,"kosdaq",180.03,11.377,"ElecElectron",1037,29.693,3.08,0,1
1459,"kosdaq",23.035,0.644,"MedPrec",93,29.691,2.06,0,1
1460,"kosdaq",25.953,0.381,"MedPrec",89,29.681,5.05,0,1
1461,"kospi",261.36,2.081,"Steel",212,29.662,3.08,1,0
1462,"kospi",281.986,10.798,"Food",285,29.639,5.06,1,0
1463,"kosdaq",29.804,-4.146,"ElecElectron",183,29.587,3.01,0,1
1464,"kosdaq",214.253,2.388,"Food",355,29.584,3.09,0,1
1465,"kosdaq",47.289,1.418,"PaperWood",318,29.554,4.03,0,1
1466,"kosdaq",118.037,7.492,"ElecElectron",292,29.452,3.02,0,1
1467,"kosdaq",40.303,0.005,"Pharm",243,29.391,7.06,0,1
1468,"kosdaq",8.266,-0.176,"Distn",10,29.332,1.09,0,1
1469,"kosdaq",29.877,-2.138,"Distn",52,29.212,17.08,0,1
1470,"kosdaq",8.833,-2.149,"Distn",25,29.198,3.08,0,1
1471,"kospi",259.176,29.962,"Service",1861,29.137,4.09,1,0
1472,"kosdaq",50.06,0.406,"Machinary",103,29.136,3.08,0,1
1473,"kosdaq",46.936,7.539,"Machinary",196,29.092,3.09,0,1
1474,"kosdaq",19.573,0.18,"Distn",4,29.087,3.01,0,1
1475,"kospi",195.975,7.513,"TextileCloth",241,29.075,10.03,1,0
1476,"kosdaq",106.31,-1.679,"Distn",147,29.054,5.02,0,1
1477,"kosdaq",46.586,5.347,"ElecElectron",151,29,4.08,0,1
1478,"kosdaq",58.003,12.449,"ElecElectron",241,28.994,2.01,0,1
1479,"kospi",89.351,4.497,"TranspEquip",355,28.987,10.07,1,0
1480,"kosdaq",69.651,-4.926,"PaperWood",118,28.975,6,0,1
1481,"kospi",410.243,35.634,"Chem",968,28.917,3.03,1,0
1482,"kosdaq",71.589,14.499,"ElecElectron",342,28.904,4.04,0,1
1483,"kospi",155.612,-64.679,"ElecElectron",360,28.9,2,1,0
1484,"kosdaq",8.884,0.138,"ElecElectron",20,28.866,2.09,0,1
1485,"kosdaq",120.72,8.39,"TextileCloth",155,28.845,2.07,0,1
1486,"kosdaq",392.729,3.379,"Distn",507,28.827,2.01,0,1
1488,"kosdaq",34.981,4.314,"Machinary",233,28.788,2.06,0,1
1489,"kosdaq",18.34,-10.217,"ElecElectron",58,28.759,2.04,0,1
1490,"kospi",189.96,-7.35,"Machinary",189,28.732,3.01,1,0
1491,"kosdaq",92.395,1.387,"MedPrec",263,28.671,3.05,0,1
1492,"kosdaq",98.544,1.39,"ElecElectron",367,28.607,2.04,0,1
1493,"kospi",93.146,-9.575,"TextileCloth",238,28.592,5.04,1,0
1494,"kospi",195.41,3.381,"TextileCloth",789,28.55,4.06,1,0
1495,"kosdaq",44.568,3.719,"TranspEquip",140,28.55,3.05,0,1
1496,"kosdaq",5.656,-8.787,"Distn",83,28.531,1.02,0,1
1497,"kospi",131.602,12.955,"Machinary",198,28.525,6.09,1,0
1498,"kosdaq",42.589,4.723,"ElecElectron",225,28.514,2.09,0,1
1499,"kosdaq",34.688,0.346,"Chem",87,28.509,4.09,0,1
1500,"kosdaq",61.844,4.84,"Chem",109,28.501,4,0,1
1501,"kospi",28.226,2.727,"Chem",56,28.477,9.08,1,0
1502,"kosdaq",30.407,0.228,"TranspEquip",57,28.472,3.11,0,1
1503,"kosdaq",78.179,5.462,"Machinary",204,28.45,4.07,0,1
1504,"kosdaq",40.95,0.3,"Distn",109,28.45,8,0,1
1505,"kospi",148.451,3.018,"TextileCloth",452,28.385,5.09,1,0
1506,"kosdaq",30.901,-23.984,"ElecElectron",187,28.341,2.08,0,1
1507,"kospi",34.979,1.21,"Distn",25,28.331,5.03,1,0
1508,"kosdaq",220.378,-11.268,"Steel",269,28.325,5,0,1
1509,"kospi",159.021,3.395,"Service",329,28.315,3.02,1,0
1510,"kosdaq",216.472,3.69,"TranspEquip",391,28.185,8.06,0,1
1511,"kosdaq",225.569,12.802,"ElecElectron",550,28.101,2.05,0,1
1512,"kosdaq",82.05,1.019,"Service",1833,28.077,2.05,0,1
1513,"kosdaq",42.955,0.923,"Service",208,28.063,1.1,0,1
1514,"kosdaq",22.071,1.831,"Chem",145,28.063,7.03,0,1
1515,"kosdaq",43.432,8.173,"ElecElectron",252,28.059,6.05,0,1
1516,"kosdaq",585.243,61.118,"Chem",1230,28.003,4,0,1
1517,"kospi",162.019,7.842,"Distn",428,28,8.11,1,0
1518,"kosdaq",111.297,9.547,"MedPrec",380,28,4,0,1
1519,"kosdaq",135.59,16.084,"ElecElectron",243,28,3.07,0,1
1520,"kosdaq",79.301,0.625,"TranspEquip",90,27.988,6.06,0,1
1521,"kosdaq",5.285,-5.124,"Distn",22,27.977,2.01,0,1
1522,"kosdaq",70.411,1.616,"ElecElectron",318,27.954,3.06,0,1
1523,"kospi",99.389,-8.53,"TextileCloth",208,27.941,5.05,1,0
1524,"kospi",19.319,12.824,"Finance",79,27.903,3.09,1,0
1525,"kospi",1652.592,61.833,"Food",3145,27.82,7.07,1,0
1526,"kosdaq",10.386,0.557,"Distn",25,27.755,2.09,0,1
1527,"kosdaq",124.352,3.673,"Service",550,27.716,4.06,0,1
1528,"kosdaq",94.175,4.175,"Chem",131,27.716,3.1,0,1
1529,"kosdaq",61.29,-9.975,"TextileCloth",91,27.599,4.01,0,1
1530,"kospi",134.291,-25.399,"PaperWood",386,27.482,5.06,1,0
1531,"kosdaq",85.873,6.13,"Chem",144,27.438,2.07,0,1
1532,"kospi",146.415,10.871,"Chem",256,27.402,7.03,1,0
1533,"kosdaq",17.805,2.839,"Chem",163,27.401,4.07,0,1
1534,"kosdaq",140.198,4.533,"ElecElectron",384,27.385,4.05,0,1
1535,"kospi",10.168,-1.369,"Distn",35,27.16,2.04,1,0
1536,"kospi",24.766,17.401,"Service",9,27.111,9.01,1,0
1537,"kosdaq",28.91,1.127,"ElecElectron",51,27.078,2.02,0,1
1538,"kosdaq",45.714,7.334,"ElecElectron",142,27.07,3.02,0,1
1539,"kospi",74.735,-1.957,"ElecElectron",127,27.042,8.09,1,0
1540,"kosdaq",27.205,-1.899,"Food",69,27,7,0,1
1541,"kosdaq",147.873,15.134,"MedPrec",562,26.943,3.05,0,1
1542,"kospi",200.336,6.72,"TextileCloth",223,26.909,3.08,1,0
1543,"kospi",6.104,-0.584,"Service",44,26.866,8.07,1,0
1544,"kospi",68.634,-71.862,"ElecElectron",55,26.855,1.05,1,0
1545,"kosdaq",67.572,12.975,"Others",397,26.839,6.02,0,1
1546,"kosdaq",83.618,9.13,"MedPrec",260,26.838,2.01,0,1
1547,"kosdaq",462.455,15.133,"Food",446,26.711,5.04,0,1
1548,"kospi",261.398,-9.302,"TextileCloth",598,26.673,6.02,1,0
1549,"kospi",265.409,-7.074,"TextileCloth",579,26.57,6.1,1,0
1550,"kosdaq",28.956,2.385,"Pharm",149,26.557,6,0,1
1551,"kosdaq",31.746,0.977,"Chem",69,26.535,5.02,0,1
1552,"kosdaq",21.961,-16.553,"ElecElectron",60,26.499,1.1,0,1
1553,"kosdaq",23.657,-0.622,"Service",92,26.466,2.05,0,1
1554,"kospi",290.692,-17.395,"Food",511,26.436,4,1,0
1555,"kosdaq",27.486,-2.545,"Service",180,26.418,2.06,0,1
1556,"kosdaq",70.649,0.651,"Food",169,26.203,6,0,1
1557,"kosdaq",9.157,-4.547,"Service",5,26.2,4,0,1
1558,"kosdaq",10.491,0.255,"ElecElectron",70,26.186,2.02,0,1
1559,"kosdaq",64.891,2.296,"Machinary",410,26.154,5.06,0,1
1560,"kospi",218.764,25.929,"TextileCloth",509,26.143,9.04,1,0
1561,"kosdaq",118.385,19.468,"TranspEquip",384,26.123,5.09,0,1
1562,"kosdaq",46.175,4.93,"Pharm",212,26.123,4.06,0,1
1563,"kosdaq",132.773,4.844,"Service",131,26.005,3.08,0,1
1564,"kospi",41.05,-80.964,"Service",335,25.965,5.03,1,0
1565,"kosdaq",123.596,0.451,"ElecElectron",171,25.945,3.04,0,1
1566,"kosdaq",96.81,5.372,"ElecElectron",228,25.899,2.07,0,1
1567,"kosdaq",3.745,7.549,"ElecElectron",28,25.873,3.04,0,1
1568,"kosdaq",44.812,3.59,"PaperWood",72,25.833,3.01,0,1
1569,"kospi",96.94,-6.104,"TranspEquip",249,25.807,14.03,1,0
1570,"kosdaq",37.638,0.807,"TextileCloth",49,25.78,5.06,0,1
1571,"kosdaq",38.109,3.238,"ElecElectron",125,25.715,8.01,0,1
1572,"kosdaq",12.807,4.453,"Service",76,25.552,3,0,1
1573,"kosdaq",95.85,0.325,"ElecElectron",369,25.525,2.09,0,1
1574,"kospi",272.904,3.717,"Food",567,25.51,6.01,1,0
1575,"kosdaq",21.044,-15.632,"ElecElectron",110,25.373,5.02,0,1
1576,"kosdaq",41.789,2.58,"Pharm",69,25.347,5.03,0,1
1577,"kosdaq",53.775,1.375,"Chem",102,25.305,2.04,0,1
1578,"kosdaq",29.083,0.693,"Service",163,25.292,2.1,0,1
1579,"kosdaq",29.474,1.03,"Pharm",106,25.137,5.02,0,1
1580,"kosdaq",12.097,-11.811,"Chem",56,24.99,2.06,0,1
1581,"kospi",86.349,1.757,"TextileCloth",185,24.977,6.08,1,0
1582,"kosdaq",44.58,0.432,"Machinary",165,24.964,2.05,0,1
1583,"kosdaq",8.174,-1.184,"Pharm",81,24.88,2.03,0,1
1584,"kosdaq",90.61,1.39,"TextileCloth",268,24.781,3.04,0,1
1585,"kosdaq",23.895,3.327,"Service",58,24.616,1.05,0,1
1586,"kosdaq",82.999,17.42,"ElecElectron",523,24.563,1.08,0,1
1587,"kosdaq",42.051,2.352,"Constr",100,24.535,18,0,1
1588,"kosdaq",32.348,-2.774,"Machinary",102,24.529,8.07,0,1
1589,"kosdaq",20.652,0.186,"ElecElectron",236,24.455,3.06,0,1
1590,"kosdaq",44.671,9.277,"Steel",165,24.37,3.04,0,1
1591,"kosdaq",153.082,-2.051,"ElecElectron",363,24.366,4.03,0,1
1592,"kosdaq",12.442,-3.301,"Distn",46,24.357,4.05,0,1
1593,"kosdaq",22.366,-1.109,"Service",73,24.349,4,0,1
1594,"kosdaq",77.822,2.359,"Chem",221,24.267,5.4,0,1
1595,"kospi",81.907,3.545,"PaperWood",87,24.044,2,1,0
1596,"kospi",326.934,-12.191,"TextileCloth",1106,24,5.07,1,0
1597,"kosdaq",116.203,5.641,"ElecElectron",203,24,4.04,0,1
1598,"kospi",247.426,-13.148,"ElecElectron",797,24,6.09,1,0
1599,"kosdaq",765.391,54.438,"ElecElectron",1295,23.936,2.01,0,1
1600,"kosdaq",36.07,0.716,"PaperWood",161,23.932,4,0,1
1601,"kosdaq",35.912,-20.569,"ElecElectron",472,23.913,4,0,1
1602,"kosdaq",44.746,0.215,"Steel",86,23.884,5.05,0,1
1603,"kosdaq",99.725,17.113,"Service",138,23.823,2.09,0,1
1604,"kosdaq",57.546,-7.058,"Steel",121,23.76,4.03,0,1
1605,"kosdaq",39.572,1.5,"Distn",158,23.748,,0,1
1606,"kosdaq",48.822,4.8,"Service",490,23.484,1.08,0,1
1607,"kosdaq",25.202,-2.108,"ElecElectron",110,23.358,5.03,0,1
1608,"kosdaq",88.147,-0.125,"Food",129,23.302,5.02,0,1
1609,"kosdaq",62.893,3.442,"TranspEquip",174,23.298,3.05,0,1
1610,"kosdaq",39.113,1.372,"PaperWood",49,23.126,1,0,1
1611,"kosdaq",204.226,-1.097,"ElecElectron",827,23.115,2.09,0,1
1612,"kosdaq",506.919,14.317,"ElecElectron",290,23.083,1.04,0,1
1613,"kosdaq",26.704,2.134,"ElecElectron",128,22.875,3.04,0,1
1614,"kosdaq",47.611,1.369,"NonMetal",171,22.801,14.04,0,1
1615,"kosdaq",57.825,-3.634,"ElecElectron",197,22.655,2.08,0,1
1616,"kosdaq",555.076,40.651,"ElecElectron",881,22.491,4.09,0,1
1617,"kospi",268.628,-35.603,"TextileCloth",856,22.22,8.01,1,0
1618,"kosdaq",96.069,3.414,"Service",750,22.114,2.09,0,1
1619,"kosdaq",30.074,8.659,"MedPrec",245,21.987,2.01,0,1
1620,"kosdaq",272.872,1.439,"Distn",117,21.884,5.03,0,1
1621,"kosdaq",28.754,-2.026,"TranspEquip",111,21.852,3.04,0,1
1622,"kosdaq",18.104,3.262,"Chem",78,21.819,5.01,0,1
1623,"kosdaq",65.674,5.764,"Machinary",219,21.664,4.09,0,1
1624,"kosdaq",56.183,-4.385,"Distn",129,21.551,3.05,0,1
1625,"kosdaq",6.167,0.861,"TextileCloth",18,21.3,17.01,0,1
1626,"kosdaq",31.461,-0.773,"Steel",95,20.976,5.06,0,1
1627,"kosdaq",140.208,3.219,"Service",4250,20.971,1.1,0,1
1628,"kosdaq",12.21,1.546,"Machinary",61,20.41,2.07,0,1
1629,"kosdaq",18.618,2.658,"Service",97,20.363,3.07,0,1
1630,"kosdaq",69.77,-5.86,"ElecElectron",394,20.053,18.01,0,1
1631,"kosdaq",189.107,-15.151,"TextileCloth",695,19.718,1.06,0,1
1632,"kosdaq",15.737,2.376,"ElecElectron",133,19.361,2.09,0,1
1633,"kospi",213.054,4.438,"Service",5911,19.251,1.02,1,0
1634,"kospi",7.273,-3.015,"NonMetal",59,18.847,2.04,1,0
1635,"kosdaq",16.255,-6.893,"Pharm",134,18.701,2.09,0,1
1636,"kosdaq",40.484,-9.912,"ElecElectron",205,17.639,2.02,0,1
1637,"kosdaq",109.105,16.675,"Service",4324,15.711,3,0,1
1638,"kosdaq",63.049,-15.666,"Service",729,13.132,2,0,1
